,Unnamed: 0,date,close,600000,002142,600036,601998,601169,601166,601009,000001,601398,601988,601818,601328,601939,601288,600015,600016,code
0,726,2013-01-04,2276.992,10.02,10.55,13.53,4.32,9.3,16.79,9.09,15.99,4.22,2.96,3.07,5.06,4.7,2.89,10.33,7.98,601166
1,725,2013-01-07,2285.364,10.32,10.53,13.6,4.37,9.45,17.36,9.34,16.3,4.23,2.95,3.06,5.06,4.73,2.87,10.45,8.32,601166
2,724,2013-01-08,2276.07,10.12,10.45,13.59,4.26,9.19,17.02,9.14,16.0,4.14,2.94,3.01,4.98,4.65,2.84,10.22,8.19,601166
3,723,2013-01-09,2275.34,10.14,10.27,13.5,4.23,9.07,16.79,9.11,15.86,4.15,2.93,3.03,4.91,4.6,2.82,10.1,8.18,601166
4,722,2013-01-10,2283.658,10.04,10.3,13.54,4.23,9.1,16.73,9.11,15.87,4.23,2.94,3.03,4.9,4.62,2.82,10.13,8.13,601166
5,721,2013-01-11,2242.997,9.82,10.07,13.28,4.09,8.8,16.28,8.86,15.54,4.2,2.93,2.95,4.85,4.63,2.79,9.96,8.01,601166
6,720,2013-01-14,2311.74,10.35,10.55,13.84,4.27,9.35,17.27,9.24,17.09,4.29,2.98,3.07,5.04,4.75,2.84,10.46,8.55,601166
7,719,2013-01-15,2325.682,10.33,10.52,13.79,4.31,9.36,17.3,9.21,17.61,4.26,2.97,3.05,5.04,4.73,2.84,10.52,8.6,601166
8,718,2013-01-16,2309.499,10.12,10.37,13.52,4.28,9.1,16.98,9.07,17.82,4.27,2.95,3.01,4.96,4.67,2.78,10.31,8.54,601166
9,717,2013-01-17,2284.909,10.03,10.34,13.22,4.24,9.03,17.04,9.2,17.74,4.19,2.95,2.99,4.89,4.61,2.77,10.36,8.45,601166
10,716,2013-01-18,2317.07,10.16,10.56,13.37,4.42,9.17,17.31,9.44,18.33,4.22,2.97,3.04,4.97,4.65,2.8,10.55,8.78,601166
11,715,2013-01-21,2328.221,10.4,10.81,13.57,4.54,9.24,18.04,9.48,19.7,4.2,2.96,3.07,4.99,4.62,2.78,10.78,9.01,601166
12,714,2013-01-22,2315.139,10.48,11.48,14.0,4.68,9.45,18.08,9.78,20.48,4.25,2.98,3.22,5.05,4.65,2.81,11.14,8.88,601166
13,713,2013-01-23,2320.911,10.6,11.49,14.0,4.8,9.79,18.35,9.84,20.05,4.19,2.97,3.32,5.09,4.69,2.83,11.2,9.2,601166
14,712,2013-01-24,2302.598,10.61,11.95,13.67,4.84,9.64,18.39,9.84,19.45,4.25,2.99,3.34,5.1,4.74,2.86,10.99,9.3,601166
15,711,2013-01-25,2291.304,10.66,11.8,13.47,4.85,9.82,18.33,9.96,19.15,4.23,2.96,3.35,5.09,4.69,2.82,11.04,9.33,601166
16,710,2013-01-28,2346.505,11.18,12.5,14.18,5.03,10.27,19.73,10.39,21.07,4.29,3.02,3.48,5.24,4.79,2.91,11.47,10.0,601166
17,709,2013-01-29,2358.977,11.3,12.44,14.6,5.08,10.31,20.07,10.4,21.38,4.29,3.03,3.49,5.24,4.78,2.91,11.66,10.26,601166
18,708,2013-01-30,2382.475,11.24,12.29,14.38,5.04,10.14,19.9,10.24,21.33,4.39,3.11,3.46,5.29,4.9,3.01,11.54,10.36,601166
19,707,2013-01-31,2385.422,11.48,12.26,14.3,5.03,10.16,19.92,10.23,21.1,4.4,3.12,3.48,5.4,4.97,3.08,11.65,10.31,601166
20,706,2013-02-01,2419.02,11.95,12.56,14.78,5.24,10.45,20.65,10.56,22.43,4.45,3.17,3.58,5.56,5.05,3.14,11.97,11.23,601166
21,705,2013-02-04,2428.154,12.07,12.3,14.57,5.19,10.4,20.64,10.56,22.01,4.47,3.22,3.67,5.54,5.08,3.23,12.09,11.53,601166
22,704,2013-02-05,2433.13,11.87,11.95,14.4,5.05,10.2,20.33,10.38,21.78,4.41,3.16,3.65,5.38,5.01,3.19,11.89,11.71,601166
23,703,2013-02-06,2434.477,12.0,11.92,14.37,5.08,10.17,20.63,10.35,21.86,4.42,3.15,3.77,5.43,5.02,3.2,12.2,11.7,601166
24,702,2013-02-07,2418.53,11.43,11.61,14.14,4.92,9.8,19.8,10.08,20.85,4.33,3.08,3.65,5.28,4.89,3.14,11.71,11.0,601166
25,701,2013-02-08,2432.402,11.34,11.79,14.04,4.92,9.79,19.6,10.17,20.75,4.35,3.09,3.58,5.28,4.9,3.1,11.82,10.52,601166
26,700,2013-02-18,2421.558,11.26,11.79,13.95,4.88,9.84,19.7,10.05,20.9,4.31,3.08,3.53,5.28,4.88,3.09,11.49,10.42,601166
27,699,2013-02-19,2382.914,11.1,11.8,13.83,4.81,9.79,19.56,10.25,20.81,4.26,3.05,3.47,5.22,4.84,3.07,11.35,10.54,601166
28,698,2013-02-20,2397.178,10.81,11.6,13.84,4.74,9.63,19.12,10.08,20.3,4.24,3.04,3.44,5.18,4.81,3.05,11.15,10.39,601166
29,697,2013-02-21,2325.951,10.22,11.04,13.38,4.55,9.29,18.03,9.65,19.6,4.18,2.97,3.28,4.95,4.67,2.95,10.66,9.77,601166
30,696,2013-02-22,2314.164,10.14,10.84,13.07,4.53,9.35,17.63,9.63,19.12,4.14,2.97,3.28,4.97,4.62,2.91,10.6,9.5,601166
31,695,2013-02-25,2325.819,10.32,11.12,13.04,4.63,9.3,18.05,9.69,20.01,4.14,2.98,3.31,4.98,4.62,2.9,10.81,9.6,601166
32,694,2013-02-26,2293.341,10.33,11.02,12.71,4.62,9.23,18.27,9.68,20.85,4.1,2.96,3.29,4.92,4.58,2.87,10.72,9.66,601166
33,693,2013-02-27,2313.22,10.39,11.24,12.84,4.61,9.3,18.92,9.87,21.02,4.18,2.98,3.33,4.88,4.63,2.93,10.8,9.83,601166
34,692,2013-02-28,2365.593,11.06,11.7,13.3,4.75,9.66,19.87,10.2,23.0,4.21,3.01,3.43,5.03,4.71,3.0,11.24,10.36,601166
35,691,2013-03-01,2359.506,11.17,11.53,13.07,4.72,9.54,20.16,10.05,23.06,4.17,2.99,3.41,4.98,4.7,2.95,11.18,10.18,601166
36,690,2013-03-04,2273.404,10.39,10.84,12.27,4.45,8.94,18.34,9.46,21.75,4.08,2.91,3.22,4.74,4.57,2.85,10.51,9.49,601166
37,689,2013-03-05,2326.306,11.07,11.5,13.36,4.68,9.49,20.16,9.95,23.93,4.18,2.97,3.37,4.93,4.67,2.97,11.06,10.2,601166
38,688,2013-03-06,2347.179,11.11,11.46,13.45,4.68,9.52,20.56,9.97,24.25,4.17,2.97,3.4,4.92,4.67,2.94,11.09,10.55,601166
39,687,2013-03-07,2324.293,10.76,11.22,13.11,4.55,9.18,19.93,9.62,23.74,4.13,2.94,3.29,4.78,4.57,2.87,10.71,10.39,601166
40,686,2013-03-08,2318.611,10.71,11.21,13.33,4.55,9.22,19.71,9.71,22.86,4.12,2.95,3.29,4.79,4.59,2.87,10.81,10.56,601166
41,685,2013-03-11,2310.593,10.47,11.06,13.12,4.55,9.23,19.09,9.64,22.63,4.12,2.95,3.25,4.74,4.58,2.85,10.68,10.22,601166
42,684,2013-03-12,2286.605,10.29,10.7,12.9,4.49,9.13,18.55,9.31,21.72,4.13,2.95,3.22,4.72,4.57,2.82,10.3,9.74,601166
43,683,2013-03-13,2263.968,10.25,10.69,12.67,4.44,9.13,18.53,9.21,22.09,4.13,2.92,3.17,4.69,4.57,2.8,10.31,9.78,601166
44,682,2013-03-14,2270.277,10.45,10.67,12.67,4.47,9.16,18.54,9.22,21.67,4.16,2.94,3.18,4.71,4.6,2.84,10.37,9.86,601166
45,681,2013-03-15,2278.401,10.51,10.65,12.57,4.58,9.26,18.71,9.28,22.2,4.18,2.97,3.23,4.73,4.69,2.87,10.41,9.99,601166
46,680,2013-03-18,2240.016,10.48,10.53,12.48,4.54,9.06,18.5,9.03,21.35,4.07,2.92,3.17,4.66,4.55,2.8,10.42,10.05,601166
47,679,2013-03-19,2257.434,10.65,10.81,12.6,4.69,9.16,18.88,9.16,21.5,4.08,2.92,3.2,4.69,4.58,2.81,10.59,10.31,601166
48,678,2013-03-20,2317.374,11.19,11.29,13.14,5.16,9.55,20.08,9.56,23.1,4.17,2.98,3.4,4.88,4.7,2.89,11.18,11.0,601166
49,677,2013-03-21,2324.242,11.1,11.23,13.13,5.4,9.49,20.07,9.59,22.96,4.17,2.98,3.37,4.86,4.7,2.88,11.11,10.94,601166
50,676,2013-03-22,2328.278,11.06,11.54,13.13,5.35,9.57,20.23,9.67,23.03,4.18,2.98,3.38,4.86,4.71,2.88,11.19,10.9,601166
51,675,2013-03-25,2326.715,11.04,11.44,12.98,5.31,9.56,20.05,9.66,22.76,4.19,2.99,3.35,4.9,4.79,2.9,11.07,11.0,601166
52,674,2013-03-26,2297.669,10.7,11.14,12.69,5.27,9.31,19.57,9.41,22.14,4.13,2.99,3.29,4.8,4.68,2.86,10.71,10.5,601166
53,673,2013-03-27,2301.259,10.76,11.49,12.77,5.27,9.36,19.86,9.5,22.15,4.12,2.98,3.28,4.86,4.68,2.82,10.82,10.55,601818
54,672,2013-03-28,2236.302,10.02,10.65,12.13,4.79,8.76,17.87,8.91,20.02,4.01,2.9,3.13,4.69,4.56,2.7,10.15,9.62,601818
55,671,2013-03-29,2236.621,10.13,10.59,12.63,4.67,8.82,17.3,9.02,20.12,4.05,2.92,3.22,4.71,4.58,2.7,10.46,9.64,601818
56,670,2013-04-01,2234.395,10.05,10.6,12.4,4.6,8.7,17.2,9.03,20.39,4.06,2.91,3.18,4.69,4.58,2.68,10.25,9.68,601818
57,669,2013-04-02,2227.74,10.03,10.58,12.56,4.48,8.73,16.85,9.03,20.44,4.06,2.93,3.13,4.71,4.64,2.69,10.31,9.63,601818
58,668,2013-04-03,2225.295,10.06,10.65,12.79,4.37,8.78,17.15,9.04,20.45,4.09,2.94,3.13,4.73,4.67,2.73,10.4,9.68,601818
59,667,2013-04-08,2211.592,9.92,10.75,12.61,4.29,8.64,17.26,9.02,19.93,4.07,2.91,3.11,4.68,4.67,2.71,10.26,9.59,601818
60,666,2013-04-09,2225.775,10.04,10.74,12.59,4.31,8.63,17.37,8.95,19.94,4.07,2.91,3.1,4.69,4.67,2.72,10.24,9.7,601818
61,665,2013-04-10,2226.126,10.0,10.61,12.44,4.29,8.6,17.26,8.92,19.4,4.07,2.91,3.07,4.67,4.66,2.71,10.14,9.64,601818
62,664,2013-04-11,2219.553,10.02,10.56,12.39,4.32,8.6,17.65,8.92,19.41,4.08,2.91,3.06,4.66,4.68,2.7,10.17,9.65,601818
63,663,2013-04-12,2206.78,9.94,10.46,12.28,4.28,8.64,17.68,8.9,18.9,4.07,2.92,3.02,4.65,4.69,2.71,10.19,9.6,601818
64,662,2013-04-15,2181.942,9.83,10.45,12.25,4.25,8.58,17.58,8.92,18.56,4.04,2.91,3.04,4.67,4.7,2.72,10.16,9.65,601818
65,661,2013-04-16,2194.846,9.74,10.49,12.35,4.29,8.58,17.29,9.04,18.75,4.04,2.89,3.04,4.63,4.68,2.71,10.17,9.52,601818
66,660,2013-04-17,2193.796,9.59,10.25,12.16,4.25,8.39,16.99,8.97,18.49,4.04,2.88,3.01,4.58,4.59,2.69,10.07,9.25,601818
67,659,2013-04-18,2197.602,9.63,10.35,12.16,4.3,8.38,17.21,9.03,19.1,4.06,2.88,3.02,4.62,4.56,2.69,10.18,9.35,601818
68,658,2013-04-19,2244.643,10.14,10.73,12.62,4.47,8.77,18.19,9.38,20.24,4.11,2.92,3.11,4.73,4.68,2.74,10.61,10.11,601818
69,657,2013-04-22,2242.169,10.22,10.66,12.59,4.41,8.75,18.57,9.33,20.23,4.1,2.91,3.11,4.72,4.69,2.73,10.6,10.24,601818
70,656,2013-04-23,2184.538,9.84,10.26,12.14,4.24,8.45,18.22,8.96,19.08,4.07,2.87,3.0,4.59,4.65,2.69,10.14,9.76,601818
71,655,2013-04-24,2218.318,10.03,10.43,12.3,4.33,8.59,18.6,9.06,19.4,4.1,2.9,3.04,4.65,4.65,2.74,10.38,10.13,601818
72,654,2013-04-25,2199.307,9.91,10.2,12.22,4.3,8.61,18.23,8.97,18.83,4.08,2.9,3.0,4.65,4.68,2.71,10.19,9.93,601818
73,653,2013-04-26,2177.912,9.88,10.18,12.15,4.27,8.79,18.16,9.06,18.7,4.05,2.87,3.0,4.63,4.65,2.69,10.47,9.82,601818
74,652,2013-05-02,2174.123,9.82,10.13,12.1,4.23,8.83,18.21,9.19,18.91,4.07,2.86,3.05,4.64,4.71,2.7,10.59,10.0,600016
75,651,2013-05-03,2205.497,10.01,10.34,12.35,4.3,8.99,18.62,9.34,19.73,4.08,2.89,3.11,4.69,4.8,2.72,10.79,10.23,600016
76,650,2013-05-06,2231.166,10.13,10.49,12.53,4.42,9.05,18.76,9.42,20.31,4.1,2.9,3.16,4.72,4.8,2.72,10.85,10.27,600016
77,649,2013-05-07,2235.575,10.06,10.44,12.49,4.38,8.91,18.5,9.34,20.25,4.09,2.9,3.14,4.68,4.79,2.73,10.7,10.35,600016
78,648,2013-05-08,2246.3,10.05,10.46,12.5,4.4,9.01,18.42,9.38,20.38,4.1,2.91,3.14,4.73,4.85,2.75,10.69,10.37,600016
79,647,2013-05-09,2232.971,9.97,10.33,12.33,4.36,8.89,18.22,9.29,20.13,4.09,2.9,3.11,4.73,4.85,2.74,10.53,10.35,600016
80,646,2013-05-10,2246.831,10.03,10.41,12.75,4.4,8.97,18.26,9.39,20.19,4.11,2.91,3.14,4.74,4.85,2.74,10.61,10.36,600016
81,645,2013-05-13,2241.92,10.02,10.28,13.19,4.38,8.91,17.95,9.35,19.92,4.1,2.9,3.12,4.68,4.82,2.73,10.59,10.29,600016
82,644,2013-05-14,2217.01,9.97,10.09,13.33,4.33,8.8,17.89,9.24,19.29,4.08,2.88,3.1,4.62,4.76,2.7,10.49,10.11,600016
83,643,2013-05-15,2224.797,9.99,10.18,13.59,4.31,8.83,17.86,9.31,19.3,4.06,2.89,3.11,4.63,4.76,2.71,10.51,10.14,600016
84,642,2013-05-16,2251.806,10.15,10.43,13.87,4.39,8.99,18.11,9.47,20.31,4.09,2.91,3.15,4.66,4.81,2.72,10.81,10.45,600016
85,641,2013-05-17,2282.87,10.24,10.56,13.86,4.43,9.05,18.02,9.69,20.39,4.16,2.93,3.18,4.73,4.9,2.75,10.86,10.48,600016
86,640,2013-05-20,2299.986,10.41,10.63,13.86,4.48,9.17,18.57,9.76,20.98,4.19,2.96,3.2,4.78,4.9,2.76,10.96,10.72,600016
87,639,2013-05-21,2305.114,10.34,10.57,13.57,4.45,9.13,18.47,9.65,21.1,4.2,2.96,3.18,4.77,4.88,2.76,10.88,10.66,600016
88,638,2013-05-22,2302.403,10.36,10.68,13.99,4.49,9.15,18.73,9.68,21.16,4.16,2.96,3.18,4.79,4.87,2.76,10.95,10.64,600016
89,637,2013-05-23,2275.667,10.15,10.55,13.52,4.38,8.95,18.34,9.48,20.52,4.16,2.93,3.12,4.73,4.81,2.73,10.74,10.41,600016
90,636,2013-05-24,2288.533,10.2,10.59,13.51,4.39,9.03,18.43,9.53,20.69,4.16,2.94,3.15,4.75,4.78,2.73,10.72,10.43,600016
91,635,2013-05-27,2293.077,10.29,10.63,13.39,4.37,8.99,18.3,9.49,20.42,4.13,2.95,3.13,4.72,4.79,2.72,10.64,10.45,600016
92,634,2013-05-28,2321.318,10.55,10.95,13.76,4.45,9.2,18.74,9.74,21.6,4.19,2.98,3.18,4.8,4.86,2.74,10.93,10.74,600016
93,633,2013-05-29,2324.017,10.52,10.8,13.61,4.43,9.16,18.73,9.7,21.28,4.21,2.97,3.16,4.76,4.84,2.74,10.84,10.63,600016
94,632,2013-05-30,2317.749,10.54,10.71,13.58,4.38,9.11,18.67,9.68,21.2,4.2,2.96,3.15,4.74,4.82,2.73,10.76,10.51,600016
95,631,2013-05-31,2300.595,10.47,10.6,13.58,4.36,9.1,18.54,9.59,20.99,4.18,2.95,3.13,4.71,4.8,2.73,10.69,10.46,600016
96,630,2013-06-03,2299.252,9.84,10.59,13.77,4.36,9.07,18.41,9.56,20.91,4.21,2.96,3.15,4.72,4.81,2.74,10.71,10.38,600016
97,629,2013-06-04,2272.416,9.74,10.48,13.75,4.31,9.0,18.36,9.46,21.13,4.22,2.95,3.12,4.69,4.79,2.73,10.7,10.28,600016
98,628,2013-06-05,2270.931,9.65,10.38,13.36,4.28,8.87,17.88,9.43,20.81,4.21,2.95,3.1,4.67,4.78,2.74,10.59,10.1,600016
99,627,2013-06-06,2242.11,9.45,10.25,13.18,4.21,8.76,17.34,9.22,20.13,4.15,2.93,3.0,4.62,4.75,2.72,10.39,10.0,600016
100,626,2013-06-07,2210.898,9.35,10.1,13.17,4.1,8.66,17.04,9.15,19.53,4.17,2.91,2.98,4.59,4.74,2.7,10.26,9.99,600016
101,625,2013-06-13,2148.355,9.02,9.63,12.32,3.94,8.46,16.45,8.9,18.79,4.14,2.88,2.9,4.51,4.67,2.69,9.99,9.88,600016
102,624,2013-06-14,2162.041,9.02,9.64,12.21,3.95,8.44,16.48,8.94,19.06,4.16,2.9,2.93,4.48,4.69,2.71,10.06,9.96,600016
103,623,2013-06-17,2156.215,9.01,9.54,12.1,3.96,8.42,16.33,8.88,19.24,4.12,2.92,2.99,4.47,4.63,2.67,10.03,9.91,600016
104,622,2013-06-18,2159.291,9.07,9.6,12.2,3.99,8.48,16.64,8.95,19.73,4.16,2.73,3.0,4.46,4.65,2.69,10.1,9.95,600016
105,621,2013-06-19,2143.454,8.89,9.39,11.98,3.92,8.39,16.22,8.8,19.24,4.15,2.7,2.95,4.42,4.6,2.67,9.96,9.75,600016
106,620,2013-06-20,2084.021,8.42,9.12,11.47,3.76,8.08,15.61,8.55,11.18,4.06,2.64,2.89,4.29,4.51,2.6,9.52,9.29,600016
107,619,2013-06-21,2073.095,8.28,9.13,11.71,3.77,8.05,15.43,8.7,11.28,4.02,2.62,2.91,4.24,4.08,2.57,9.48,9.45,600016
108,618,2013-06-24,1963.235,7.52,8.23,10.93,3.58,7.39,13.89,8.21,10.15,3.9,2.54,2.74,4.03,3.96,2.48,8.69,8.51,600016
109,617,2013-06-25,1959.508,7.8,8.23,10.92,3.56,7.53,13.93,8.21,9.98,3.96,2.57,2.76,4.06,3.99,2.51,8.69,8.44,600016
110,616,2013-06-26,1951.495,7.77,8.14,10.66,3.5,7.5,13.91,8.07,9.76,3.74,2.58,2.72,3.99,4.01,2.52,8.58,8.3,600016
111,615,2013-06-27,1950.013,7.88,8.2,10.92,3.57,7.67,14.13,8.22,9.6,3.81,2.65,2.76,4.0,4.08,2.56,8.66,8.21,600016
112,614,2013-06-28,1979.206,8.28,8.47,11.6,3.71,7.97,14.77,8.43,9.97,4.02,2.71,2.89,4.07,4.15,2.46,9.02,8.57,600016
113,613,2013-07-01,1995.242,8.17,8.42,11.38,3.7,7.89,14.61,8.33,9.75,4.03,2.72,2.91,4.05,4.3,2.49,8.92,8.59,600016
114,612,2013-07-02,2006.56,8.15,8.37,11.21,3.69,7.78,14.28,8.29,9.6,4.02,2.7,2.87,4.03,4.34,2.5,8.88,8.48,600016
115,611,2013-07-03,1994.268,8.04,8.21,11.35,3.61,7.6,9.02,8.19,9.33,3.94,2.66,2.79,4.0,4.34,2.47,8.68,8.44,600016
116,610,2013-07-04,2006.098,8.12,8.3,11.24,3.62,7.64,9.13,8.27,9.37,3.91,2.65,2.81,4.07,4.36,2.47,8.75,8.48,600016
117,609,2013-07-05,2007.199,8.11,8.31,11.27,3.63,7.64,9.3,8.24,9.37,3.95,2.64,2.79,4.07,4.46,2.48,8.75,8.49,600016
118,608,2013-07-08,1958.273,7.91,8.08,11.03,3.56,7.42,9.09,8.0,8.99,3.95,2.61,2.78,4.03,4.4,2.49,8.59,8.39,600016
119,607,2013-07-09,1965.454,7.92,8.1,11.16,3.56,7.47,9.13,8.05,9.0,3.95,2.64,2.78,4.06,4.41,2.49,8.65,8.4,600016
120,606,2013-07-10,2008.126,8.11,8.33,11.32,3.64,7.71,9.45,8.15,9.4,3.93,2.65,2.83,4.09,4.39,2.51,8.88,8.6,600016
121,605,2013-07-11,2072.991,8.86,9.0,12.15,3.84,8.47,10.4,8.7,10.34,3.98,2.72,2.97,4.03,4.52,2.57,9.54,9.45,600016
122,604,2013-07-12,2039.486,8.49,8.46,11.62,3.75,8.08,10.07,8.4,10.34,3.96,2.68,2.88,3.92,4.48,2.51,9.21,9.11,600016
123,603,2013-07-15,2059.39,8.56,8.59,11.65,3.91,8.13,10.26,8.53,10.51,3.94,2.69,2.9,3.99,4.43,2.52,9.37,9.16,600016
124,602,2013-07-16,2065.72,8.54,8.59,11.63,3.91,8.21,10.27,8.61,10.38,3.95,2.69,2.91,3.99,4.46,2.53,9.43,9.19,600016
125,601,2013-07-17,2044.922,8.45,8.47,11.4,3.82,8.14,10.1,8.65,10.14,3.95,2.68,2.85,3.95,4.37,2.54,9.28,9.04,600016
126,600,2013-07-18,2023.396,8.2,8.27,11.18,3.63,8.03,9.69,8.07,9.82,3.93,2.66,2.79,3.91,4.34,2.52,9.17,8.73,600016
127,599,2013-07-19,1992.648,8.03,8.05,10.92,3.56,7.91,9.37,7.89,9.43,3.95,2.64,2.73,3.84,4.36,2.52,9.03,8.41,600016
128,598,2013-07-22,2004.762,7.95,8.04,10.85,3.5,7.39,9.3,7.95,9.42,3.93,2.65,2.71,3.79,4.35,2.52,9.03,8.42,600016
129,597,2013-07-23,2043.876,8.14,8.25,11.06,3.6,7.53,9.64,8.13,9.96,3.93,2.67,2.75,3.85,4.34,2.53,9.28,8.64,600016
130,596,2013-07-24,2033.329,8.0,8.13,10.9,3.53,7.37,9.39,7.99,9.76,3.92,2.67,2.7,3.79,4.32,2.52,6.6,8.47,600016
131,595,2013-07-25,2021.174,8.02,8.11,10.83,3.52,7.4,9.38,7.95,9.81,3.91,2.68,2.7,3.79,4.28,2.51,6.52,8.4,600016
132,594,2013-07-26,2010.85,7.97,8.02,10.74,3.48,7.4,9.34,7.94,9.64,3.91,2.66,2.68,3.76,4.29,2.48,6.45,8.4,600016
133,593,2013-07-29,1976.306,7.74,7.88,10.49,3.41,7.18,9.13,7.78,9.41,3.89,2.62,2.62,3.69,4.21,2.44,6.19,8.15,600016
134,592,2013-07-30,1990.064,7.84,8.01,10.68,3.47,7.27,9.17,7.84,9.68,3.91,2.66,2.65,3.74,4.28,2.45,6.28,8.27,600016
135,591,2013-07-31,1993.799,7.86,8.03,10.6,3.46,7.34,9.06,7.84,9.59,3.89,2.66,2.66,3.76,4.29,2.45,6.35,8.28,600016
136,590,2013-08-01,2029.067,7.99,8.17,10.87,3.52,7.45,9.27,7.96,9.92,3.91,2.69,2.71,3.83,4.32,2.48,6.43,8.46,600016
137,589,2013-08-02,2029.418,7.98,8.14,10.81,3.49,7.46,9.23,7.94,9.82,3.91,2.68,2.71,3.82,4.33,2.46,6.45,8.42,600016
138,588,2013-08-05,2050.481,8.06,8.21,10.85,3.51,7.49,9.38,8.01,9.94,3.92,2.69,2.73,3.85,4.37,2.47,6.58,8.5,600016
139,587,2013-08-06,2060.5,8.03,8.26,10.76,3.5,7.46,9.34,8.0,9.92,3.9,2.69,2.72,3.84,4.35,2.47,6.59,8.49,600016
140,586,2013-08-07,2046.778,8.01,8.23,10.72,3.5,7.43,9.33,7.98,9.93,3.89,2.67,2.7,3.84,4.32,2.45,6.62,8.54,600016
141,585,2013-08-08,2044.895,7.99,8.23,10.75,3.49,7.4,9.27,7.98,9.89,3.9,2.66,2.69,3.85,4.31,2.45,6.68,8.49,600016
142,584,2013-08-09,2052.235,8.01,8.18,10.69,3.5,7.44,9.3,7.99,9.85,3.91,2.66,2.7,3.85,4.31,2.46,6.7,8.42,600016
143,583,2013-08-12,2101.283,8.31,8.46,11.05,3.58,7.65,9.88,8.18,10.33,3.95,2.69,2.79,3.95,4.36,2.49,6.89,8.89,600016
144,582,2013-08-13,2106.156,8.42,8.47,11.15,3.61,7.69,10.32,8.18,10.5,3.95,2.68,2.79,3.96,4.36,2.49,6.94,9.05,600016
145,581,2013-08-14,2100.137,8.31,8.48,11.15,3.61,7.66,10.23,8.13,10.43,3.94,2.69,2.78,3.94,4.35,2.49,6.9,9.02,600016
146,580,2013-08-15,2081.88,8.22,8.3,11.04,3.58,7.57,10.06,8.04,10.2,3.95,2.68,2.75,3.92,4.33,2.48,6.8,8.89,600016
147,579,2013-08-16,2068.452,8.31,8.44,10.99,3.61,7.57,10.21,8.16,10.58,3.95,2.7,2.76,3.93,4.36,2.5,6.87,9.02,600016
148,578,2013-08-19,2085.602,8.45,8.51,11.12,3.65,7.71,10.56,8.19,10.79,3.93,2.7,2.76,3.97,4.33,2.5,6.95,9.38,600016
149,577,2013-08-20,2072.595,8.51,8.45,11.03,3.62,7.82,10.74,8.13,11.0,3.92,2.66,2.75,3.96,4.29,2.51,6.97,9.36,600016
150,576,2013-08-21,2072.961,8.45,8.4,10.93,3.6,7.73,10.59,8.09,10.91,3.92,2.65,2.73,3.93,4.29,2.49,6.89,9.27,600016
151,575,2013-08-22,2067.124,8.44,8.41,10.91,3.59,7.69,10.6,8.08,10.95,3.91,2.63,2.71,3.9,4.28,2.48,6.91,9.3,600016
152,574,2013-08-23,2057.458,8.42,8.3,10.56,3.6,7.58,10.39,7.98,10.62,3.89,2.62,2.68,3.86,4.26,2.47,6.84,9.16,600016
153,573,2013-08-26,2096.474,8.74,8.46,10.7,3.63,7.72,10.67,8.12,10.9,3.93,2.64,2.72,3.91,4.3,2.48,6.98,9.33,600016
154,572,2013-08-27,2103.567,8.95,8.52,10.66,3.6,7.72,10.71,8.11,10.88,3.9,2.64,2.72,3.92,4.28,2.47,7.0,9.26,600016
155,571,2013-08-28,2101.301,9.0,8.43,,3.6,7.68,10.6,8.05,10.63,3.88,2.63,2.7,3.93,4.24,2.45,6.96,9.14,600016
156,570,2013-08-29,2097.227,8.92,8.44,,3.59,7.78,10.64,8.09,10.64,3.87,2.63,2.7,3.92,4.23,2.46,6.96,9.12,600016
157,569,2013-08-30,2098.382,8.99,8.63,,3.59,7.92,10.62,8.11,10.61,3.9,2.65,2.71,3.94,4.25,2.47,6.98,9.03,600016
158,568,2013-09-02,2098.448,8.97,8.68,,3.6,7.89,10.72,8.09,10.75,3.89,2.65,2.71,3.94,4.24,2.46,7.01,9.11,600016
159,567,2013-09-03,2123.112,9.09,8.81,,3.66,8.06,11.24,8.19,11.2,3.94,2.67,2.75,4.0,4.29,2.49,7.19,9.31,600016
160,566,2013-09-04,2127.618,9.14,8.78,,3.71,8.03,11.25,8.16,11.08,3.93,2.67,2.75,4.0,4.29,2.48,7.17,9.34,600016
161,565,2013-09-05,2122.43,9.13,8.66,10.66,3.74,7.99,11.2,8.13,11.03,3.91,2.67,2.72,3.98,4.3,2.47,7.12,9.36,600016
162,564,2013-09-06,2139.993,9.57,8.77,10.89,3.79,8.07,11.41,8.19,,3.91,2.68,2.74,4.1,4.3,2.47,7.21,9.42,600016
163,563,2013-09-09,2212.516,10.53,9.48,11.58,4.1,8.64,12.55,8.69,12.13,4.08,2.85,2.96,4.51,4.53,2.72,7.76,10.2,600016
164,562,2013-09-10,2237.984,11.4,9.41,11.63,4.06,8.63,12.41,8.62,12.44,3.98,2.84,2.92,4.53,4.47,2.68,7.83,10.06,600016
165,561,2013-09-11,2241.268,11.27,9.41,11.62,4.06,8.63,12.31,8.62,12.69,3.99,2.81,2.91,4.49,4.43,2.64,7.83,10.0,600016
166,560,2013-09-12,2255.605,12.25,9.82,11.91,4.16,8.9,12.69,8.88,13.47,4.05,2.87,3.01,4.66,4.52,2.67,8.16,10.24,600016
167,559,2013-09-13,2236.217,11.91,9.77,11.82,4.08,8.81,12.29,8.76,13.21,3.99,2.83,2.98,4.68,4.46,2.63,8.12,9.84,600016
168,558,2013-09-16,2231.401,11.49,9.59,11.65,4.06,8.71,12.18,8.63,13.2,3.98,2.83,2.96,4.57,4.46,2.63,8.07,10.18,600016
169,557,2013-09-17,2185.56,10.83,9.25,11.19,3.91,8.51,11.87,8.5,12.79,3.93,2.78,2.88,4.41,4.4,2.55,7.8,10.25,600016
170,556,2013-09-18,2191.851,11.0,9.26,11.15,3.93,8.58,11.81,8.56,12.79,3.91,2.77,2.93,4.43,4.41,2.54,7.86,10.16,600016
171,555,2013-09-23,2221.044,11.18,9.26,11.19,3.96,8.52,11.87,8.56,12.88,3.91,2.78,2.95,4.45,4.42,2.56,7.89,10.15,600016
172,554,2013-09-24,2207.531,10.81,9.09,10.88,3.89,8.29,11.45,8.37,12.27,3.89,2.77,2.89,4.3,4.35,2.52,7.66,9.73,600016
173,553,2013-09-25,2198.515,10.78,8.98,10.84,3.86,8.26,11.31,8.31,12.03,3.88,2.79,2.87,4.29,4.33,2.52,7.61,9.66,600016
174,552,2013-09-26,2155.809,10.17,8.74,10.76,3.8,8.11,11.13,8.2,11.66,3.85,2.77,2.81,4.18,4.28,2.49,7.4,9.49,600016
175,551,2013-09-27,2160.027,10.24,8.82,10.8,3.8,8.15,11.19,8.26,11.9,3.86,2.78,2.82,4.22,4.28,2.49,7.45,9.48,600016
176,550,2013-09-30,2174.665,10.09,8.86,10.92,3.75,8.07,11.17,8.26,11.88,3.86,2.78,2.85,4.3,4.3,2.5,7.47,9.56,600016
177,549,2013-10-08,2198.199,10.23,8.99,10.91,3.78,8.16,11.25,8.35,12.21,3.87,2.79,2.86,4.28,4.29,2.51,7.57,9.64,600016
178,548,2013-10-09,2211.769,10.27,9.08,10.96,3.8,8.18,11.58,8.4,12.55,3.86,2.82,2.87,4.3,4.3,2.51,7.66,9.75,600016
179,547,2013-10-10,2190.929,9.98,8.91,10.78,3.73,8.14,11.21,8.24,12.28,3.86,2.8,2.83,4.22,4.27,2.48,7.52,9.5,600016
180,546,2013-10-11,2228.146,10.55,9.14,10.94,3.83,8.27,11.61,8.39,12.69,3.89,2.84,2.87,4.32,4.36,2.51,7.7,9.69,600016
181,545,2013-10-14,2237.773,10.29,9.06,10.8,3.82,8.17,11.44,8.39,12.49,3.88,2.83,2.85,4.28,4.32,2.51,7.6,9.46,600016
182,544,2013-10-15,2233.412,10.11,8.97,10.73,3.81,8.04,11.21,8.31,12.21,3.84,2.79,2.83,4.25,4.25,2.49,7.5,9.32,600016
183,543,2013-10-16,2193.074,9.91,8.87,10.73,3.76,8.02,11.1,8.24,12.01,3.86,2.8,2.81,4.22,4.26,2.49,7.39,9.15,600016
184,542,2013-10-17,2188.542,9.82,8.83,10.6,3.78,8.0,11.07,8.23,12.0,3.86,2.81,2.81,4.19,4.26,2.49,7.39,9.08,600016
185,541,2013-10-18,2193.78,9.88,8.95,10.63,3.81,8.02,11.17,8.25,12.2,3.84,2.8,2.83,4.21,4.27,2.49,7.44,9.13,600016
186,540,2013-10-21,2229.237,10.12,9.06,10.76,3.84,8.08,11.34,8.34,12.33,3.86,2.85,2.86,4.25,4.3,2.51,7.54,9.19,600016
187,539,2013-10-22,2210.652,9.93,8.97,10.63,3.81,7.97,11.2,8.26,12.05,3.84,2.82,2.83,4.21,4.27,2.5,7.41,9.0,600016
188,538,2013-10-23,2183.107,10.02,9.08,10.68,3.83,8.05,11.4,8.31,12.58,3.84,2.82,2.83,4.2,4.27,2.5,7.46,9.07,600016
189,537,2013-10-24,2164.322,9.98,9.11,10.63,3.78,8.03,11.36,8.32,13.0,3.81,2.79,2.81,4.16,4.23,2.48,7.46,8.91,600016
190,536,2013-10-25,2132.955,10.07,9.29,10.61,3.8,8.08,11.65,8.36,13.43,3.78,2.78,2.81,4.15,4.21,2.48,7.56,8.98,600016
191,535,2013-10-28,2133.869,10.15,9.48,10.62,3.8,8.09,11.54,8.37,13.13,3.76,2.78,2.83,4.16,4.21,2.49,7.59,8.88,600016
192,534,2013-10-29,2128.864,10.48,9.6,10.85,3.88,8.32,12.09,8.56,14.12,3.8,2.81,2.87,4.23,4.27,2.54,7.86,9.15,600016
193,533,2013-10-30,2160.463,10.59,9.6,10.91,4.0,8.36,12.15,8.59,14.4,3.81,2.82,2.88,4.26,4.28,2.57,7.99,9.18,600016
194,532,2013-10-31,2141.614,10.33,9.2,10.74,3.93,8.01,11.76,8.39,13.9,3.82,2.82,2.85,4.19,4.28,2.55,7.83,8.96,600016
195,531,2013-11-01,2149.562,10.42,9.26,10.91,4.03,8.04,11.92,8.5,13.87,3.84,2.83,2.88,4.22,4.32,2.56,7.9,9.17,600016
196,530,2013-11-04,2149.634,10.3,9.17,10.8,4.05,7.96,11.72,8.42,13.56,3.84,2.83,2.88,4.2,4.31,2.56,7.82,9.14,600016
197,529,2013-11-05,2157.24,10.2,9.18,10.75,4.03,7.87,11.49,8.38,13.66,3.83,2.81,2.88,4.19,4.31,2.56,7.75,9.07,600016
198,528,2013-11-06,2139.607,10.03,8.99,10.62,3.92,7.8,11.19,8.27,13.15,3.8,2.78,2.84,4.15,4.29,2.53,7.57,8.9,600016
199,527,2013-11-07,2129.4,10.05,9.09,10.7,3.93,7.84,11.21,8.33,13.27,3.83,2.8,2.85,4.16,4.32,2.55,7.6,8.93,600016
200,526,2013-11-08,2106.127,9.98,9.0,10.58,3.91,7.79,11.09,8.32,13.33,3.82,2.79,2.84,4.14,4.31,2.55,7.57,8.77,600016
201,525,2013-11-11,2109.471,9.97,9.0,10.53,3.96,7.72,11.07,8.29,13.4,3.83,2.8,2.84,4.13,4.34,2.55,7.68,8.87,600016
202,524,2013-11-12,2126.772,10.12,9.12,10.68,4.05,7.76,11.29,8.33,14.05,3.83,2.81,2.86,4.16,4.34,2.55,7.85,8.94,600016
203,523,2013-11-13,2087.941,9.64,8.73,10.33,3.96,7.59,10.91,8.09,13.33,3.8,2.78,2.81,4.03,4.28,2.52,7.65,8.55,600016
204,522,2013-11-14,2100.506,9.49,8.71,10.26,3.93,7.57,10.64,8.07,13.14,3.79,2.79,2.79,3.98,4.31,2.52,7.59,8.54,600016
205,521,2013-11-15,2135.827,9.68,8.85,10.35,3.97,7.66,10.91,8.17,13.36,3.79,2.8,2.82,4.04,4.32,2.54,7.77,8.63,600016
206,520,2013-11-18,2197.219,10.1,9.2,11.34,4.13,7.95,11.43,8.43,14.09,3.83,2.83,2.88,4.16,4.38,2.59,8.07,8.9,600016
207,519,2013-11-19,2193.125,9.97,9.05,11.02,4.08,7.84,11.21,8.36,13.82,3.82,2.82,2.86,4.14,4.34,2.58,7.97,8.73,600016
208,518,2013-11-20,2206.613,10.05,9.11,10.95,4.11,7.88,11.17,8.38,13.99,3.83,2.83,2.87,4.16,4.38,2.59,8.08,8.73,600016
209,517,2013-11-21,2205.766,10.07,9.04,10.97,4.09,7.82,11.01,8.32,13.94,3.89,2.84,2.85,4.14,4.41,2.62,8.08,8.58,600016
210,516,2013-11-22,2196.378,10.06,9.0,10.98,4.01,7.78,10.81,8.29,13.67,3.86,2.83,2.84,4.13,4.46,2.6,7.98,8.56,600016
211,515,2013-11-25,2186.115,9.93,9.07,10.82,3.99,7.74,10.73,8.22,13.5,3.81,2.81,2.83,4.12,4.41,2.6,7.97,8.51,600016
212,514,2013-11-26,2183.073,9.9,9.12,10.83,3.98,7.75,10.72,8.22,13.47,3.79,2.8,2.83,4.11,4.37,2.59,8.0,8.47,600016
213,513,2013-11-27,2201.07,9.93,9.2,10.86,4.01,7.8,10.76,8.31,13.57,3.79,2.81,2.84,4.12,4.39,2.59,8.11,8.54,600016
214,512,2013-11-28,2219.372,9.96,9.22,10.93,4.03,7.86,10.84,8.37,13.62,3.8,2.81,2.85,4.16,4.41,2.62,8.26,8.58,600016
215,511,2013-11-29,2220.504,9.99,9.19,10.91,4.03,7.87,10.7,8.37,13.6,3.8,2.81,2.85,4.14,4.38,2.62,8.22,8.59,600016
216,510,2013-12-02,2207.371,10.32,9.39,11.14,4.09,7.96,10.85,8.47,13.75,3.87,2.87,2.86,4.19,4.48,2.67,8.42,8.66,600016
217,509,2013-12-03,2222.67,10.26,9.4,11.1,4.11,7.95,10.79,8.45,13.54,3.82,2.83,2.86,4.22,4.47,2.66,8.62,8.58,600016
218,508,2013-12-04,2251.762,10.4,9.45,11.13,4.13,8.02,10.96,8.49,13.6,3.83,2.84,2.88,4.26,4.46,2.66,8.79,8.61,600016
219,507,2013-12-05,2247.063,10.35,9.52,11.04,4.11,7.99,10.87,8.47,13.43,3.81,2.83,2.88,4.24,4.44,2.64,8.53,8.56,600016
220,506,2013-12-06,2237.108,10.22,9.42,10.98,4.09,7.96,10.79,8.4,13.29,3.81,2.83,2.88,4.22,4.45,2.64,8.48,8.55,600016
221,505,2013-12-09,2238.2,10.11,9.42,10.9,4.09,7.91,10.71,8.4,13.19,3.8,2.82,2.87,4.2,4.42,2.61,8.3,8.49,600016
222,504,2013-12-10,2237.492,10.14,9.49,11.09,4.09,7.94,10.73,8.38,13.29,3.8,2.82,2.89,4.2,4.44,2.61,8.32,8.47,600016
223,503,2013-12-11,2204.166,9.93,9.35,11.02,4.05,7.81,10.46,8.33,12.84,3.78,2.79,2.84,4.14,4.37,2.57,8.19,8.32,600016
224,502,2013-12-12,2202.796,9.88,9.32,10.92,4.02,7.78,10.4,8.29,12.72,3.76,2.79,2.83,4.12,4.36,2.55,8.18,8.28,600016
225,501,2013-12-13,2196.075,9.83,9.37,10.7,4.01,7.73,10.39,8.28,12.55,3.72,2.76,2.82,4.09,4.32,2.53,8.17,8.27,600016
226,500,2013-12-16,2160.861,9.74,9.43,10.62,3.98,7.67,10.3,8.25,12.75,3.69,2.72,2.81,4.07,4.28,2.53,8.14,8.18,600016
227,499,2013-12-17,2151.079,9.69,9.53,10.63,3.95,7.61,10.21,8.25,12.72,3.68,2.7,2.8,4.08,4.27,2.54,8.12,8.13,600016
228,498,2013-12-18,2148.285,9.71,9.47,10.79,3.95,7.62,10.31,8.28,12.76,3.67,2.7,2.8,4.08,4.23,2.53,8.14,8.11,600016
229,497,2013-12-19,2127.792,9.61,9.36,10.7,3.92,7.53,10.12,8.22,12.5,3.63,2.68,2.78,4.04,4.22,2.52,7.87,7.88,600016
230,496,2013-12-20,2084.794,9.36,9.21,10.33,3.58,7.26,9.79,8.03,11.91,3.57,2.62,2.67,3.86,3.96,2.45,7.56,7.78,600016
231,495,2013-12-23,2089.707,9.34,9.21,10.27,3.78,7.35,9.78,8.07,11.95,3.58,2.66,2.69,3.94,4.17,2.47,7.64,7.67,600016
232,494,2013-12-24,2092.905,9.34,9.24,10.17,3.8,7.36,9.79,8.02,11.7,3.58,2.65,2.67,3.93,4.14,2.46,7.64,7.67,600016
233,493,2013-12-25,2106.354,9.27,9.2,10.31,3.78,7.36,9.82,8.07,11.72,3.59,2.66,2.66,3.91,4.14,2.47,7.67,7.67,600016
234,492,2013-12-26,2073.099,9.09,8.92,10.15,3.73,7.27,9.67,7.89,11.45,3.55,2.63,2.61,3.85,4.08,2.44,7.92,7.57,600016
235,491,2013-12-27,2101.251,9.24,9.12,10.31,3.79,7.42,9.93,8.01,11.75,3.58,2.66,2.64,3.89,4.13,2.46,8.2,7.67,600016
236,490,2013-12-30,2097.529,9.2,9.1,10.6,3.78,7.4,9.88,7.99,11.74,3.55,2.61,2.63,3.8,4.09,2.46,8.37,7.57,600016
237,489,2013-12-31,2115.978,9.43,9.23,10.89,3.87,7.51,10.14,8.09,12.25,3.58,2.62,2.66,3.84,4.14,2.48,8.57,7.72,600016
238,488,2014-01-02,2109.387,9.33,9.13,10.73,3.86,7.42,9.98,8.04,12.23,3.58,2.61,2.64,3.82,4.11,2.47,8.3,7.73,600016
239,487,2014-01-03,2083.136,9.14,9.05,10.51,3.8,7.3,9.73,7.96,11.93,3.56,2.56,2.61,3.79,4.07,2.46,8.06,7.61,600016
240,486,2014-01-06,2045.709,9.19,9.17,10.46,3.74,7.21,9.66,7.85,11.67,3.55,2.53,2.57,3.75,4.08,2.44,7.87,7.39,600016
241,485,2014-01-07,2047.317,9.14,9.08,10.52,3.73,7.2,9.62,7.87,11.63,3.55,2.52,2.57,3.77,4.01,2.43,7.84,7.31,600016
242,484,2014-01-08,2044.34,9.2,9.17,10.63,3.74,7.21,9.69,7.91,11.76,3.57,2.51,2.57,3.8,3.98,2.42,8.01,7.33,600016
243,483,2014-01-09,2027.622,9.29,9.11,10.7,3.72,7.2,9.73,7.85,11.82,3.53,2.5,2.55,3.79,3.95,2.41,8.01,7.31,600016
244,482,2014-01-10,2013.298,9.41,9.08,10.8,3.71,7.17,9.75,7.85,11.82,3.53,2.49,2.53,3.8,3.96,2.41,8.16,7.34,600016
245,481,2014-01-13,2009.564,9.39,,10.88,3.76,7.18,9.72,7.96,11.6,3.54,2.52,2.55,3.82,4.01,2.41,8.2,7.3,600016
246,480,2014-01-14,2026.842,9.4,8.87,10.75,3.73,7.18,9.76,8.04,11.72,3.52,2.51,2.56,3.79,4.0,2.41,8.21,7.33,600016
247,479,2014-01-15,2023.348,9.23,8.74,10.59,3.64,7.07,9.63,7.93,11.67,3.46,2.51,2.54,3.76,3.97,2.39,8.01,7.28,600016
248,478,2014-01-16,2023.701,9.18,8.76,10.55,3.63,7.04,9.51,7.92,11.69,3.43,2.5,2.53,3.76,3.94,2.38,8.09,7.24,600016
249,477,2014-01-17,2004.949,9.12,8.63,10.57,3.59,6.95,9.31,7.82,11.48,3.41,2.48,2.5,3.72,3.93,2.36,7.96,7.06,600016
250,476,2014-01-20,1991.253,9.07,8.58,10.47,3.59,6.95,9.21,7.84,11.3,3.4,2.47,2.47,3.72,3.9,2.36,7.91,6.95,600016
251,475,2014-01-21,2008.313,9.16,8.65,10.53,3.62,7.01,9.29,7.86,11.36,3.4,2.47,2.49,3.73,3.92,2.37,7.97,7.0,600016
252,474,2014-01-22,2051.749,9.34,8.83,10.7,3.67,7.14,9.56,7.99,11.79,3.43,2.51,2.51,3.78,3.96,2.39,8.15,7.15,600016
253,473,2014-01-23,2042.18,9.22,8.8,10.52,3.64,7.07,9.41,7.91,11.7,3.4,2.48,2.48,3.74,3.92,2.36,8.02,7.05,600016
254,472,2014-01-24,2054.392,9.23,8.84,10.43,3.65,7.09,9.39,7.93,11.66,3.4,2.49,2.49,3.74,3.92,2.37,8.12,7.06,600016
255,471,2014-01-27,2033.3,9.12,8.83,10.33,3.63,7.05,9.22,7.89,11.39,3.36,2.48,2.47,3.75,3.91,2.36,8.1,7.05,600016
256,470,2014-01-28,2038.513,9.19,8.89,10.44,3.69,7.14,9.42,7.97,11.5,3.39,2.49,2.5,3.8,3.93,2.37,8.25,7.19,600016
257,469,2014-01-29,2049.914,9.29,8.91,10.51,3.72,7.2,9.5,7.96,11.56,3.44,2.53,2.52,3.8,3.96,2.4,8.34,7.38,600016
258,468,2014-01-30,2033.083,9.17,8.83,10.36,3.61,7.13,9.35,7.88,11.4,3.41,2.51,2.49,3.78,3.94,2.38,8.17,7.34,600016
259,467,2014-02-07,2044.497,9.18,8.88,10.33,3.64,7.11,9.35,7.9,11.38,3.4,2.49,2.48,3.77,3.93,2.37,8.1,7.25,600016
260,466,2014-02-10,2086.067,9.29,8.98,10.43,3.8,7.2,9.48,7.98,11.57,3.42,2.51,2.51,3.8,3.95,2.38,8.24,7.37,600016
261,465,2014-02-11,2103.671,9.54,9.11,10.57,4.18,7.32,9.77,8.09,12.0,3.45,2.55,2.58,3.87,4.0,2.41,8.43,7.63,600016
262,464,2014-02-12,2109.955,9.5,9.14,10.51,4.52,7.34,9.72,8.1,11.94,3.44,2.54,2.56,3.88,3.98,2.41,8.34,7.76,600016
263,463,2014-02-13,2098.401,9.6,9.24,10.53,4.95,7.43,9.96,8.14,12.22,3.44,2.55,2.58,3.92,3.99,2.41,8.45,8.07,600016
264,462,2014-02-14,2115.848,9.59,9.17,10.52,4.86,7.4,9.88,8.12,12.08,3.43,2.54,2.56,3.9,4.0,2.41,8.42,7.99,600016
265,461,2014-02-17,2135.415,9.52,9.13,10.51,4.81,7.38,9.78,8.11,11.97,3.44,2.55,2.55,3.89,4.01,2.4,8.38,7.85,600016
266,460,2014-02-18,2119.066,9.26,8.97,10.32,4.69,7.23,9.49,7.98,11.66,3.43,2.54,2.5,3.83,3.96,2.38,8.11,7.74,600016
267,459,2014-02-19,2142.554,9.49,9.56,10.51,5.16,7.95,9.77,8.35,12.0,3.48,2.63,2.57,3.92,4.02,2.41,8.39,8.0,600016
268,458,2014-02-20,2138.782,9.39,9.24,10.35,5.08,8.17,9.55,8.15,11.76,3.44,2.61,2.54,3.9,3.99,2.38,8.2,7.8,600016
269,457,2014-02-21,2113.693,9.29,9.0,10.32,5.17,7.85,9.47,8.05,11.6,3.44,2.58,2.52,3.86,3.96,2.38,8.15,7.67,600016
270,456,2014-02-24,2076.686,9.01,8.77,10.08,5.17,7.52,9.12,7.88,11.16,3.37,2.53,2.48,3.79,3.89,2.35,7.94,7.42,600016
271,455,2014-02-25,2034.219,8.83,8.66,9.94,4.94,7.46,9.0,7.81,11.02,3.37,2.54,2.43,3.78,3.87,2.34,7.84,7.3,600016
272,454,2014-02-26,2041.254,8.85,8.72,10.02,5.09,7.57,9.08,7.85,11.11,3.34,2.51,2.43,3.77,3.86,2.34,7.8,7.33,600016
273,453,2014-02-27,2047.354,8.94,8.79,10.02,5.33,7.72,9.17,7.9,11.24,3.36,2.53,2.46,3.8,3.89,2.34,8.19,7.58,600016
274,452,2014-02-28,2056.302,8.91,8.84,9.93,5.27,7.67,9.12,7.9,11.13,3.34,2.51,2.45,3.79,3.86,2.33,8.17,7.53,600016
275,451,2014-03-03,2075.235,8.85,8.9,9.82,5.13,7.57,9.07,7.95,11.04,3.33,2.5,2.44,3.76,3.84,2.33,8.04,7.47,600016
276,450,2014-03-04,2071.473,8.87,8.9,9.75,5.03,7.51,9.16,7.96,10.98,3.34,2.5,2.44,3.76,3.84,2.34,8.11,7.72,600016
277,449,2014-03-05,2053.084,8.7,8.78,9.63,4.98,7.31,9.05,7.89,10.7,3.32,2.49,2.43,3.72,3.83,2.32,8.13,7.54,600016
278,448,2014-03-06,2059.578,8.8,8.84,9.73,4.85,7.35,9.11,7.9,10.77,3.33,2.5,2.42,3.73,3.85,2.32,8.22,7.75,600016
279,447,2014-03-07,2057.908,8.73,8.7,9.68,4.89,7.33,9.03,7.83,10.8,3.33,2.49,2.42,3.71,3.83,2.33,8.07,7.76,600016
280,446,2014-03-10,1999.065,8.44,8.49,9.47,4.88,7.09,8.65,7.4,10.31,3.26,2.46,2.37,3.64,3.78,2.29,7.77,7.45,600016
281,445,2014-03-11,2001.157,8.46,8.5,9.49,4.97,7.07,8.65,7.42,10.24,3.23,2.46,2.36,3.63,3.78,2.29,7.88,7.46,600016
282,444,2014-03-12,1997.692,8.56,8.68,9.61,5.47,7.29,8.87,7.48,10.35,3.23,2.45,2.37,3.64,3.78,2.29,8.0,7.55,600016
283,443,2014-03-13,2019.111,8.84,8.81,9.67,5.33,7.37,8.96,7.57,10.56,3.27,2.49,2.4,3.7,3.82,2.36,8.12,7.63,600016
284,442,2014-03-14,2004.339,8.99,8.74,9.56,4.89,7.21,8.93,7.48,10.32,3.24,2.47,2.38,3.65,3.81,2.36,8.04,7.54,600016
285,441,2014-03-17,2023.673,,8.79,9.59,4.56,7.24,8.98,7.53,10.47,3.25,2.48,2.38,3.67,3.82,2.34,8.06,7.51,600016
286,440,2014-03-18,2025.196,8.89,8.7,9.59,4.66,7.2,8.9,7.51,10.38,3.26,2.47,2.37,3.66,3.81,2.34,8.0,7.38,600016
287,439,2014-03-19,2021.734,9.05,8.67,9.55,4.6,7.15,8.83,7.5,10.24,3.28,2.47,2.36,3.65,3.78,2.33,7.99,7.23,600016
288,438,2014-03-20,1993.479,8.99,8.61,9.46,4.46,7.1,8.89,7.44,10.1,3.28,2.46,2.34,3.64,3.78,2.33,7.94,7.2,600016
289,437,2014-03-21,2047.619,9.89,8.9,9.84,4.7,7.44,9.48,7.69,10.79,3.34,2.53,2.42,3.77,3.87,2.4,8.31,7.56,600016
290,436,2014-03-24,2066.279,9.8,8.87,9.84,4.73,7.58,9.58,7.75,10.79,3.38,2.54,2.47,3.82,3.89,2.4,8.36,7.62,600016
291,435,2014-03-25,2067.311,9.75,8.84,9.79,4.61,7.53,9.39,7.71,10.6,3.36,2.54,2.44,3.78,3.87,2.4,8.25,7.52,600016
292,434,2014-03-26,2063.67,9.58,8.8,9.8,4.58,7.52,9.37,7.68,10.7,3.4,2.54,2.45,3.78,3.89,2.4,8.19,7.55,600016
293,433,2014-03-27,2046.588,9.69,8.81,9.79,4.67,7.54,9.47,7.7,10.77,3.38,2.56,2.45,3.78,3.92,2.4,8.32,7.82,600016
294,432,2014-03-28,2041.712,9.67,8.84,9.86,4.6,7.56,9.58,7.76,10.78,3.46,2.58,2.48,3.82,3.99,2.43,8.28,7.85,600016
295,431,2014-03-31,2033.306,9.72,8.86,9.82,4.63,7.59,9.52,7.75,10.77,3.45,2.59,2.48,3.78,4.0,2.42,8.44,7.66,601166
296,430,2014-04-01,2047.46,9.73,8.91,9.88,4.66,7.6,9.38,7.78,10.8,3.45,2.59,2.48,3.78,4.02,2.42,8.39,7.64,601166
297,429,2014-04-02,2058.988,9.94,8.98,9.97,4.69,7.68,9.49,7.85,10.91,3.44,2.6,2.51,3.8,4.02,2.44,8.45,7.79,601166
298,428,2014-04-03,2043.702,9.67,8.85,9.88,4.57,7.57,9.38,7.79,10.77,3.42,2.58,2.46,3.74,3.95,2.39,8.39,7.69,601166
299,427,2014-04-04,2058.831,9.73,8.86,9.95,4.59,7.62,9.58,7.82,10.79,3.43,2.6,2.49,3.76,3.99,2.4,8.53,7.77,601166
300,426,2014-04-08,2098.284,10.14,9.14,10.24,4.72,7.85,10.35,7.98,11.28,3.5,2.64,2.55,3.85,4.03,2.44,8.93,8.14,601166
301,425,2014-04-09,2105.237,10.1,9.08,10.18,4.72,7.83,10.29,7.93,11.19,3.48,2.63,2.55,3.84,4.03,2.45,8.9,8.05,601166
302,424,2014-04-10,2134.3,10.23,9.16,10.41,4.75,7.89,10.32,7.97,11.36,3.55,2.67,2.57,3.88,4.08,2.46,8.93,8.1,601166
303,423,2014-04-11,2130.542,10.25,9.17,10.39,5.09,7.95,10.41,8.06,11.4,3.52,2.68,2.59,3.89,4.06,2.47,8.88,8.06,601166
304,422,2014-04-14,2131.539,10.12,9.08,10.31,4.99,7.86,10.29,8.0,11.28,3.5,2.67,2.58,3.87,4.05,2.47,8.75,8.02,601166
305,421,2014-04-15,2101.601,9.85,8.94,10.06,4.85,7.66,9.98,7.82,10.97,3.46,2.62,2.53,3.79,4.0,2.43,8.51,7.83,601166
306,420,2014-04-16,2105.122,9.9,8.99,10.11,4.86,7.67,10.03,7.85,10.99,3.5,2.63,2.53,3.79,4.02,2.44,8.59,7.8,601166
307,419,2014-04-17,2098.885,9.76,9.0,10.09,4.79,7.62,10.02,7.84,10.9,3.48,2.63,2.51,3.78,3.99,2.44,8.54,7.8,601166
308,418,2014-04-18,2097.748,9.78,8.97,10.01,4.79,7.58,10.08,7.82,10.8,3.47,2.63,2.51,3.78,3.98,2.42,8.45,7.86,601166
309,417,2014-04-21,2065.826,9.71,8.85,9.84,4.7,7.46,9.9,7.68,10.69,3.44,2.6,2.47,3.72,3.95,2.4,8.29,7.71,601166
310,416,2014-04-22,2072.831,9.9,9.01,9.94,4.9,7.55,10.23,7.77,11.06,3.45,2.63,2.48,3.74,3.97,2.41,8.46,7.95,601166
311,415,2014-04-23,2067.382,9.88,8.97,9.93,4.83,7.53,10.26,7.75,11.3,3.44,2.61,2.47,3.73,3.96,2.42,8.36,7.93,601166
312,414,2014-04-24,2057.033,9.87,9.06,9.99,4.84,7.53,10.22,7.72,11.23,3.42,2.6,2.47,3.73,3.96,2.4,8.39,7.9,601166
313,413,2014-04-25,2036.519,9.84,9.06,10.07,4.93,7.54,10.22,7.72,11.25,3.45,2.61,2.48,3.73,3.97,2.41,8.47,7.82,601166
314,412,2014-04-28,2003.487,9.67,8.93,10.06,4.85,7.6,9.97,7.71,11.03,3.46,2.62,2.47,3.71,3.98,2.42,8.65,7.87,601166
315,411,2014-04-29,2020.341,9.8,9.02,10.11,4.89,7.62,10.13,7.78,11.16,3.45,2.61,2.45,3.71,3.98,2.43,8.61,7.93,601166
316,410,2014-04-30,2026.358,9.77,8.98,10.03,4.81,7.62,10.17,7.8,11.14,3.44,2.6,2.46,3.71,3.96,2.42,8.49,7.87,600016
317,409,2014-05-05,2027.353,9.74,8.99,9.94,4.72,7.51,10.02,7.82,10.99,3.42,2.6,2.43,3.71,3.95,2.39,8.4,7.76,600016
318,408,2014-05-06,2028.038,9.7,9.02,9.87,4.67,7.5,9.96,7.82,10.95,3.4,2.59,2.43,3.72,3.94,2.39,8.4,7.74,600016
319,407,2014-05-07,2010.083,9.66,8.97,9.86,4.5,7.46,9.81,7.79,10.85,3.42,2.6,2.43,3.71,3.94,2.38,8.32,7.7,600016
320,406,2014-05-08,2015.274,9.75,9.01,9.89,4.54,7.47,9.83,7.84,10.93,3.43,2.61,2.43,3.71,3.96,2.39,8.29,7.67,600016
321,405,2014-05-09,2010.525,9.78,9.07,9.91,4.51,7.43,9.85,7.86,11.07,3.45,2.6,2.43,3.71,3.96,2.41,8.28,7.65,600016
322,404,2014-05-12,2052.871,9.93,9.21,10.03,4.58,7.58,10.02,7.96,11.34,3.48,2.64,2.46,3.76,4.0,2.42,8.39,7.74,600016
323,403,2014-05-13,2050.728,9.9,9.12,9.99,4.54,7.56,9.98,7.92,11.23,3.46,2.65,2.46,3.76,3.98,2.43,8.41,7.7,600016
324,402,2014-05-14,2047.91,9.81,9.14,9.99,4.53,7.61,10.01,7.92,11.31,3.45,2.65,2.46,3.77,3.97,2.43,8.38,7.68,600016
325,401,2014-05-15,2024.974,9.73,9.07,9.98,4.49,7.56,9.97,7.85,11.19,3.47,2.65,2.47,3.77,3.99,2.44,8.34,7.65,600016
326,400,2014-05-16,2026.504,9.75,9.08,10.03,4.31,7.64,9.97,7.87,11.27,3.48,2.65,2.47,3.77,4.0,2.45,8.48,7.68,600016
327,399,2014-05-19,2005.183,9.52,8.97,9.86,4.19,7.58,9.69,7.78,11.27,3.46,2.65,2.44,3.74,3.99,2.44,8.33,7.42,600016
328,398,2014-05-20,2008.119,9.55,8.97,9.88,4.19,7.59,9.67,7.81,11.24,3.47,2.65,2.45,3.76,3.99,2.45,8.33,7.37,600016
329,397,2014-05-21,2024.951,9.6,9.06,9.95,4.27,,9.78,7.91,11.33,3.49,2.66,2.47,3.79,4.0,2.46,8.36,7.4,600016
330,396,2014-05-22,2021.285,9.6,9.03,9.96,4.26,7.66,9.79,7.89,11.39,3.5,2.67,2.47,3.79,4.01,2.46,8.34,7.41,600016
331,395,2014-05-23,2034.569,9.7,9.08,10.07,4.29,7.73,9.88,7.95,11.58,3.52,2.68,2.48,3.81,4.02,2.47,8.41,7.46,600016
332,394,2014-05-26,2041.476,9.74,9.1,10.08,4.27,7.8,9.89,7.96,11.58,3.51,2.69,2.48,3.8,4.02,2.46,8.4,7.49,600016
333,393,2014-05-27,2034.565,9.66,9.07,10.11,4.26,7.82,9.82,7.95,11.58,3.53,2.68,2.48,3.8,4.02,2.47,8.33,7.44,600016
334,392,2014-05-28,2050.228,9.68,9.12,10.2,4.28,7.88,9.94,7.97,11.6,3.57,2.69,2.49,3.82,4.06,2.48,8.35,7.45,600016
335,391,2014-05-29,2040.595,9.62,9.07,10.15,4.23,7.88,9.86,7.91,11.5,3.57,2.69,2.47,3.82,4.05,2.49,8.28,7.42,600016
336,390,2014-05-30,2039.212,9.57,9.06,10.15,4.22,7.85,9.83,7.92,11.5,3.56,2.67,2.47,3.81,4.03,2.49,8.26,7.45,600016
337,389,2014-06-03,2038.305,9.54,9.03,10.18,4.23,7.84,9.8,7.91,11.51,3.58,2.72,2.48,3.82,4.05,2.51,8.2,7.44,600016
338,388,2014-06-04,2024.834,9.45,8.91,10.1,4.35,7.77,9.72,7.85,11.33,3.57,2.72,2.46,3.8,4.02,2.48,8.07,7.4,600016
339,387,2014-06-05,2040.878,9.62,9.03,10.16,4.34,7.94,9.85,7.93,11.43,3.63,2.73,2.48,3.83,4.07,2.52,8.15,7.46,600016
340,386,2014-06-06,2029.956,9.51,8.99,10.0,4.29,7.92,9.73,7.89,11.38,3.61,2.7,2.47,3.79,4.05,2.51,8.1,7.4,600016
341,385,2014-06-09,2030.502,9.54,8.97,10.0,4.28,7.89,9.79,7.88,11.48,3.66,2.72,2.48,3.81,4.09,2.52,8.14,7.38,600016
342,384,2014-06-10,2052.532,9.63,9.06,10.15,4.34,7.96,9.94,7.94,11.75,3.73,2.74,2.5,3.85,4.13,2.55,8.19,7.45,600016
343,383,2014-06-11,2054.948,9.59,9.11,10.12,4.33,7.99,9.9,7.95,11.78,3.72,2.74,2.49,3.84,4.13,2.55,8.13,7.38,600016
344,382,2014-06-12,2051.713,9.54,9.11,10.07,4.3,7.98,9.88,7.87,9.71,3.71,2.76,2.5,3.84,4.13,2.55,8.14,7.34,600016
345,381,2014-06-13,2070.715,9.73,9.19,10.22,4.39,8.09,10.11,7.95,10.12,3.74,2.8,2.54,3.88,4.16,2.58,8.28,7.45,600016
346,380,2014-06-16,2085.983,9.81,9.24,10.39,4.43,8.1,10.27,8.03,10.13,3.78,2.81,2.58,3.92,4.19,2.58,8.37,7.68,600016
347,379,2014-06-17,2066.698,9.73,9.13,10.32,4.38,8.0,10.12,7.99,10.04,3.73,2.78,2.55,3.88,4.15,2.57,8.27,7.62,600016
348,378,2014-06-18,2055.519,9.73,9.08,10.25,4.31,7.91,10.04,7.92,9.86,3.74,2.76,2.5,3.85,4.14,2.52,8.25,7.66,600016
349,377,2014-06-19,2023.735,9.64,9.02,10.19,4.23,7.88,9.87,7.85,9.78,3.71,2.72,2.48,3.82,4.11,2.49,8.16,7.63,600016
350,376,2014-06-20,2026.674,9.7,9.06,10.21,4.28,7.95,9.97,7.88,9.85,3.45,2.75,2.5,3.84,4.14,2.51,8.25,7.71,600016
351,375,2014-06-23,2024.365,9.66,9.09,10.1,4.25,7.95,9.9,7.89,9.77,3.41,2.73,2.51,3.86,4.12,2.5,8.16,7.63,600016
352,374,2014-06-24,2033.931,9.04,9.12,10.18,4.25,8.0,9.93,7.93,9.8,3.42,2.75,2.53,3.87,4.12,2.5,8.16,7.6,600016
353,373,2014-06-25,2025.502,8.98,9.08,10.14,4.25,8.05,9.86,7.93,9.77,3.38,2.77,2.52,3.85,4.1,2.51,8.14,6.25,600016
354,372,2014-06-26,2038.677,8.99,9.12,10.24,4.27,8.03,9.93,7.97,9.82,3.39,2.77,2.53,3.86,4.11,2.53,8.17,6.25,600016
355,371,2014-06-27,2036.51,8.97,9.15,10.18,4.26,8.0,9.94,7.95,9.82,3.39,2.54,2.53,3.87,4.11,2.52,8.15,6.19,600016
356,370,2014-06-30,2048.327,9.05,9.2,10.24,4.27,8.06,10.03,8.0,9.91,3.39,2.55,2.54,3.88,4.13,2.52,8.2,6.21,600016
357,369,2014-07-01,2050.381,9.06,9.15,10.23,4.26,8.09,10.01,7.97,9.86,3.39,2.56,2.55,3.88,4.13,2.53,8.18,6.21,600016
358,368,2014-07-02,2059.418,9.06,9.17,10.26,4.27,8.1,10.06,7.98,9.89,3.41,2.58,2.54,3.9,4.13,2.52,8.17,6.23,600016
359,367,2014-07-03,2063.229,9.07,9.19,10.34,4.33,8.17,10.05,8.02,9.96,3.42,2.59,2.55,3.9,4.17,2.36,8.2,6.26,600016
360,366,2014-07-04,2059.375,9.07,9.16,10.34,4.31,8.2,10.02,8.0,9.91,3.42,2.59,2.56,3.93,4.19,2.36,8.23,6.23,600016
361,365,2014-07-07,2059.927,9.05,9.18,10.32,4.3,8.22,10.03,7.99,9.86,3.45,2.58,2.56,3.96,4.2,2.37,8.21,6.21,600016
362,364,2014-07-08,2064.021,9.05,9.19,10.37,4.34,8.24,9.98,8.01,9.93,3.47,2.58,2.56,3.96,4.22,2.37,8.21,6.2,600016
363,363,2014-07-09,2038.612,8.92,9.08,10.24,4.24,8.07,9.82,7.91,9.65,3.42,2.56,2.53,3.91,4.2,2.35,8.12,6.11,600016
364,362,2014-07-10,2038.342,8.92,9.1,10.26,4.23,8.13,9.8,7.92,9.67,3.45,2.54,2.54,3.9,3.87,2.36,7.64,6.05,600016
365,361,2014-07-11,2046.961,8.94,8.7,9.69,4.25,8.23,9.83,7.92,9.67,3.44,2.55,2.53,3.66,3.9,2.35,7.68,6.05,600016
366,360,2014-07-14,2066.646,9.0,8.79,9.75,4.31,8.26,9.85,7.96,9.72,3.45,2.56,2.55,3.67,3.9,2.36,7.74,6.05,600016
367,359,2014-07-15,2070.357,9.01,8.84,9.78,4.31,8.19,9.93,7.98,,3.47,2.57,2.56,3.69,3.93,2.37,7.74,6.03,600016
368,358,2014-07-16,2067.276,9.02,8.82,9.79,4.31,8.21,9.91,,9.61,3.46,2.57,2.56,3.73,3.93,2.37,7.79,6.04,600016
369,357,2014-07-17,2055.591,8.99,8.81,9.74,4.05,6.79,9.87,7.97,9.59,3.45,2.57,2.39,3.7,3.91,2.37,7.76,6.01,600016
370,356,2014-07-18,2059.067,9.02,8.82,9.79,4.05,6.77,9.51,8.01,9.6,3.45,2.57,2.39,3.71,3.9,2.36,7.79,6.01,600016
371,355,2014-07-21,2054.479,8.98,8.76,9.81,4.01,6.71,9.48,8.04,9.55,3.42,2.57,2.41,3.69,3.9,2.36,7.8,5.95,600016
372,354,2014-07-22,2075.481,9.06,8.82,9.98,4.05,6.73,9.67,8.09,9.73,3.43,2.57,2.41,3.7,3.9,2.36,7.85,6.03,600016
373,353,2014-07-23,2078.489,9.08,8.82,10.07,4.11,6.74,9.71,8.09,9.76,3.44,2.56,2.42,3.72,3.93,2.36,7.85,6.03,600016
374,352,2014-07-24,2105.062,9.32,9.02,10.34,4.33,6.97,10.24,8.3,10.16,3.48,2.59,2.47,3.82,3.99,2.4,8.09,6.2,600016
375,351,2014-07-25,2126.614,9.39,9.19,10.49,4.36,7.07,10.33,7.9,10.22,3.52,2.61,2.49,3.84,4.02,2.45,8.15,6.24,600016
376,350,2014-07-28,2177.948,9.76,9.82,10.97,4.54,7.26,10.91,8.24,10.78,3.6,2.7,2.6,4.22,4.16,2.53,8.75,6.62,600016
377,349,2014-07-29,2183.192,9.78,9.94,11.03,4.53,7.31,10.95,8.42,10.82,3.59,2.72,2.63,4.5,4.16,2.52,8.77,6.61,600016
378,348,2014-07-30,2181.243,9.71,9.8,10.99,4.49,7.22,10.92,8.42,10.75,3.57,2.68,2.59,4.39,4.11,2.49,8.66,6.58,600016
379,347,2014-07-31,2201.562,9.8,10.05,11.07,4.54,7.35,11.07,8.53,10.87,3.6,2.71,2.62,4.6,4.15,2.52,8.8,6.65,600016
380,346,2014-08-01,2185.303,9.76,9.9,11.02,4.45,7.28,10.92,8.42,10.7,3.59,2.71,2.66,4.47,4.15,2.52,8.77,6.57,600016
381,345,2014-08-04,2223.331,9.92,10.03,11.25,4.52,7.39,11.1,8.55,10.93,3.61,2.73,2.78,4.5,4.17,2.53,8.89,6.69,600016
382,344,2014-08-05,2219.945,9.87,9.94,11.18,4.53,7.33,10.87,8.43,10.82,3.59,2.72,2.76,4.42,4.18,2.53,8.81,6.61,600016
383,343,2014-08-06,2217.465,9.74,9.87,10.98,4.44,7.31,10.66,8.34,10.65,3.58,2.71,2.74,4.4,4.14,2.53,8.82,6.51,600016
384,342,2014-08-07,2187.669,9.56,9.65,10.74,4.4,7.18,10.54,8.23,10.5,3.52,2.68,2.69,4.36,4.09,2.49,8.68,6.39,600016
385,341,2014-08-08,2194.425,9.54,9.67,10.83,4.42,7.2,10.56,8.24,10.54,3.51,2.69,2.72,4.4,4.09,2.5,8.64,6.4,600016
386,340,2014-08-11,2224.654,9.7,9.85,11.08,4.49,7.25,10.71,8.33,10.71,3.56,2.71,2.76,4.42,4.12,2.52,8.75,6.48,600016
387,339,2014-08-12,2221.595,9.64,9.76,10.91,4.45,7.15,10.6,8.28,10.6,3.53,2.7,2.74,4.35,4.1,2.51,8.63,6.43,600016
388,338,2014-08-13,2222.877,9.61,9.71,10.83,4.41,7.12,10.58,8.22,10.65,3.51,2.7,2.74,4.31,4.13,2.51,8.56,6.4,600016
389,337,2014-08-14,2206.466,9.6,9.59,10.74,4.38,7.06,10.49,8.17,10.54,3.51,2.69,2.71,4.29,4.1,2.5,8.51,6.33,600016
390,336,2014-08-15,2226.734,9.68,9.68,10.79,4.44,7.08,10.52,8.23,10.58,3.52,2.7,2.72,4.32,4.11,2.52,8.56,6.35,600016
391,335,2014-08-18,2239.466,9.72,9.73,10.8,4.44,7.1,10.52,8.26,10.65,3.51,2.7,2.72,4.33,4.11,2.5,8.57,6.35,600016
392,334,2014-08-19,2245.33,9.71,9.72,10.78,4.42,7.09,10.52,8.26,10.58,3.52,2.69,2.71,4.3,4.1,2.51,8.6,6.4,600016
393,333,2014-08-20,2240.211,9.64,9.76,10.72,4.4,7.06,10.41,8.25,10.47,3.52,2.7,2.7,4.28,4.09,2.5,8.52,6.36,600016
394,332,2014-08-21,2230.458,9.5,9.61,10.6,4.34,7.0,10.31,8.19,10.34,3.5,2.69,2.67,4.25,4.07,2.48,8.41,6.32,600016
395,331,2014-08-22,2240.812,9.54,9.7,10.71,4.35,7.14,10.36,8.25,10.35,3.51,2.71,2.69,4.27,4.07,2.48,8.52,6.33,600016
396,330,2014-08-25,2229.274,9.44,9.67,10.58,4.3,7.07,10.24,8.18,10.21,3.5,2.7,2.68,4.21,4.05,2.46,8.37,6.28,600016
397,329,2014-08-26,2207.106,9.46,9.63,10.6,4.28,7.19,10.26,8.14,10.19,3.49,2.68,2.68,4.24,4.06,2.46,8.42,6.31,600016
398,328,2014-08-27,2209.465,9.45,9.56,10.57,4.27,7.33,10.27,8.15,10.24,3.49,2.67,2.67,4.21,4.04,2.45,8.41,6.28,600016
399,327,2014-08-28,2195.818,9.36,9.41,10.47,4.23,7.18,10.16,8.13,10.15,3.44,2.63,2.62,4.14,4.0,2.41,8.3,6.2,600016
400,326,2014-08-29,2217.2,9.47,9.47,10.56,4.28,7.33,10.32,8.2,10.25,3.46,2.68,2.67,4.19,4.02,2.43,8.43,6.26,600016
401,325,2014-09-01,2235.511,9.49,9.54,10.54,4.29,7.36,10.31,8.22,10.3,3.48,2.66,2.65,4.2,4.01,2.44,8.44,6.25,601166
402,324,2014-09-02,2266.046,9.6,9.72,10.69,4.34,7.48,10.46,8.36,10.45,3.52,2.69,2.68,4.35,4.07,2.47,8.58,6.34,601166
403,323,2014-09-03,2288.627,9.68,9.76,10.78,4.42,7.71,10.55,8.41,10.5,3.55,2.71,2.71,4.35,4.11,2.5,8.61,6.37,601166
404,322,2014-09-04,2306.862,9.71,9.8,10.83,4.42,7.89,10.59,8.44,10.55,3.59,2.72,2.73,4.37,4.13,2.51,8.63,6.4,601166
405,321,2014-09-05,2326.432,9.74,9.88,10.93,4.45,7.91,10.62,8.46,10.57,3.61,2.74,2.75,4.4,4.16,2.52,8.7,6.44,601166
406,320,2014-09-09,2326.527,9.7,9.84,10.8,4.41,7.71,10.49,8.48,10.46,3.59,2.73,2.73,4.34,4.15,2.51,8.63,6.4,601166
407,319,2014-09-10,2318.305,9.59,9.81,10.71,4.4,7.65,10.37,8.41,10.33,3.56,2.71,2.72,4.31,4.11,2.49,8.54,6.33,601166
408,318,2014-09-11,2311.679,9.6,9.86,10.63,4.36,7.61,10.36,8.45,10.37,3.55,2.7,2.72,4.31,4.11,2.48,8.53,6.35,601166
409,317,2014-09-12,2331.95,9.6,9.85,10.69,4.37,7.68,10.37,8.46,10.37,3.57,2.72,2.74,4.32,4.13,2.5,8.5,6.35,601166
410,316,2014-09-15,2339.14,9.6,9.82,10.62,4.41,7.8,10.31,8.5,10.31,3.57,2.71,2.71,4.31,4.12,2.48,8.45,6.31,601166
411,315,2014-09-16,2296.555,9.62,9.77,10.58,4.39,7.7,10.23,8.6,10.25,3.55,2.72,2.75,4.3,4.11,2.5,8.45,6.27,601166
412,314,2014-09-17,2307.893,9.57,9.78,10.58,4.38,7.87,10.25,8.51,10.26,3.56,2.7,2.74,4.31,4.11,2.49,8.41,6.26,601166
413,313,2014-09-18,2315.928,9.73,9.92,10.57,4.58,7.9,10.29,8.54,10.33,3.56,2.72,2.77,4.39,4.11,2.5,8.43,6.3,601166
414,312,2014-09-19,2329.451,9.85,9.95,10.62,4.54,7.98,10.34,8.58,10.38,3.56,2.72,2.78,4.4,4.12,2.5,8.45,6.31,601166
415,311,2014-09-22,2289.866,9.61,9.73,10.36,4.43,7.86,10.09,8.4,10.06,3.49,2.67,2.69,4.27,4.05,2.45,8.28,6.18,601166
416,310,2014-09-23,2309.718,9.63,9.78,10.39,4.49,8.09,10.12,8.43,10.1,3.5,2.68,2.73,4.27,4.05,2.46,8.36,6.2,601166
417,309,2014-09-24,2343.575,9.76,9.94,10.57,4.54,8.14,10.33,8.55,10.28,3.54,2.7,2.77,4.33,4.11,2.48,8.45,6.28,601166
418,308,2014-09-25,2345.103,9.71,9.87,10.5,4.59,7.99,10.25,8.51,10.18,3.55,2.7,2.76,4.32,4.1,2.49,8.41,6.25,601166
419,307,2014-09-26,2347.718,9.72,9.94,10.45,4.53,7.97,10.2,8.67,10.12,3.55,2.69,2.76,4.3,4.11,2.49,8.45,6.23,601166
420,306,2014-09-29,2357.711,9.76,10.22,10.4,4.55,8.02,10.24,8.85,10.12,3.52,2.68,2.78,4.3,4.08,2.48,8.49,6.24,601166
421,305,2014-09-30,2363.87,9.75,10.28,10.39,4.54,8.03,10.22,9.0,10.14,3.53,2.7,2.77,4.29,4.07,2.49,8.49,6.24,601166
422,304,2014-10-08,2382.794,9.84,10.31,10.45,4.58,8.01,10.34,9.1,10.26,3.53,2.69,2.78,4.3,4.09,2.49,8.54,6.42,601166
423,303,2014-10-09,2389.371,9.85,10.13,10.45,4.56,8.08,10.33,9.01,10.2,3.52,2.7,2.77,4.29,4.09,2.49,8.5,6.42,601166
424,302,2014-10-10,2374.54,9.83,10.08,10.47,4.59,8.02,10.27,8.96,10.16,3.51,2.69,2.75,4.26,4.07,2.48,8.52,6.33,601166
425,301,2014-10-13,2366.009,9.73,9.95,10.42,4.54,7.82,10.15,8.95,10.1,3.48,2.67,2.74,4.23,4.04,2.46,8.48,6.26,601166
426,300,2014-10-14,2359.475,9.72,10.0,10.36,4.54,7.76,10.14,8.9,10.12,3.48,2.66,2.71,4.21,4.06,2.46,8.47,6.25,601166
427,299,2014-10-15,2373.67,9.79,10.06,10.42,4.62,7.84,10.17,9.04,10.16,3.5,2.67,2.72,4.23,4.06,2.47,8.52,6.26,601166
428,298,2014-10-16,2356.499,9.89,10.16,10.39,4.75,7.86,10.17,9.18,10.2,3.52,2.67,2.73,4.24,4.08,2.48,8.55,6.29,601166
429,297,2014-10-17,2341.184,9.85,10.04,10.37,4.65,7.79,10.14,9.2,10.12,3.52,2.67,2.7,4.21,4.08,2.46,8.49,6.28,601166
430,296,2014-10-20,2356.728,9.9,10.09,10.39,4.76,7.79,10.24,9.18,10.17,3.52,2.68,2.71,4.22,4.09,2.47,8.53,6.3,601166
431,295,2014-10-21,2339.657,9.78,9.97,10.37,4.65,7.71,10.13,8.95,10.09,3.51,2.67,2.69,4.21,4.06,2.46,8.5,6.24,601166
432,294,2014-10-22,2326.553,9.78,10.07,10.36,4.65,7.76,10.17,8.95,10.1,3.5,2.68,2.69,4.21,4.06,2.47,8.46,6.24,601166
433,293,2014-10-23,2302.418,9.75,10.1,10.39,4.63,7.78,10.23,9.17,10.24,3.52,2.67,2.66,4.19,4.06,2.45,8.38,6.22,601166
434,292,2014-10-24,2302.28,9.68,10.13,10.36,4.61,7.75,10.24,9.21,10.18,3.52,2.66,2.65,4.2,4.05,2.45,8.35,6.21,601166
435,291,2014-10-27,2290.437,9.47,9.85,10.16,4.43,7.62,10.01,8.92,10.02,3.49,2.61,2.62,4.14,3.99,2.43,8.21,6.12,601166
436,290,2014-10-28,2337.871,9.59,10.03,10.28,4.5,7.74,10.15,9.14,10.17,3.52,2.64,2.65,4.18,4.04,2.45,8.27,6.18,601166
437,289,2014-10-29,2373.03,9.7,10.23,10.38,4.66,7.85,10.28,9.33,10.3,3.54,2.69,2.69,4.23,4.07,2.48,8.35,6.25,601166
438,288,2014-10-30,2391.076,9.81,10.58,10.47,4.74,7.98,10.45,9.8,10.43,3.59,2.71,2.81,4.28,4.09,2.5,8.45,6.27,601166
439,287,2014-10-31,2420.178,10.2,11.49,10.8,4.89,8.43,10.86,10.73,11.03,3.66,2.8,2.98,4.41,4.18,2.56,8.78,6.44,601166
440,286,2014-11-03,2430.032,10.16,11.37,10.69,4.85,8.3,10.76,10.68,11.11,3.63,2.78,2.93,4.37,4.14,2.54,8.8,6.37,601166
441,285,2014-11-04,2430.677,10.07,11.25,10.6,4.79,8.2,10.65,10.72,10.85,3.64,2.79,2.91,4.34,4.16,2.54,8.67,6.31,601166
442,284,2014-11-05,2419.254,9.99,11.16,10.51,4.89,8.1,10.49,10.52,10.82,3.58,2.76,2.87,4.32,4.13,2.5,8.56,6.33,601166
443,283,2014-11-06,2425.864,10.03,11.18,10.55,4.83,8.13,10.48,10.52,10.84,3.57,2.75,2.87,4.31,4.13,2.5,8.56,6.33,601166
444,282,2014-11-07,2418.171,10.18,11.34,10.57,4.92,8.17,10.59,10.96,10.91,3.57,2.77,2.89,4.33,4.14,2.49,8.59,6.34,601166
445,281,2014-11-10,2473.673,10.55,11.7,10.76,5.15,8.34,10.82,11.53,11.14,3.67,2.86,2.97,4.44,4.2,2.55,8.82,6.63,601166
446,280,2014-11-11,2469.673,10.92,11.67,11.02,5.27,8.45,11.04,11.28,11.27,3.81,3.15,3.08,4.71,4.34,2.69,9.05,6.8,601166
447,279,2014-11-12,2494.476,11.05,11.61,10.99,5.22,8.48,11.02,11.26,11.2,3.76,3.08,3.09,4.65,4.31,2.65,9.09,6.81,601166
448,278,2014-11-13,2485.606,10.94,11.44,10.97,5.15,8.39,10.94,11.06,11.05,3.76,3.1,3.06,4.64,4.3,2.64,9.02,6.83,601166
449,277,2014-11-14,2478.824,10.9,11.27,10.92,5.07,8.26,10.86,10.76,10.93,3.78,3.09,3.03,4.6,4.37,2.67,8.93,6.77,601166
450,276,2014-11-17,2474.009,10.75,11.19,10.8,4.95,8.18,10.7,10.77,10.76,3.75,3.02,2.98,4.5,4.29,2.61,8.82,6.58,601166
451,275,2014-11-18,2456.366,10.45,10.94,10.63,4.91,8.1,10.55,10.49,10.61,3.72,2.93,2.9,4.38,4.2,2.54,8.64,6.46,601166
452,274,2014-11-19,2450.986,10.47,10.93,10.64,4.94,8.06,10.52,10.54,10.63,3.69,2.92,2.88,4.37,4.19,2.54,8.59,6.45,601166
453,273,2014-11-20,2452.66,10.57,10.97,10.59,4.97,8.03,10.55,10.71,10.63,3.68,2.92,2.88,4.38,4.17,2.54,8.64,6.44,601166
454,272,2014-11-21,2486.791,10.79,11.3,10.8,5.09,8.2,10.7,11.19,10.8,3.73,2.95,2.93,4.43,4.22,2.57,8.75,6.55,601166
455,271,2014-11-24,2532.879,10.86,11.57,10.86,5.1,8.22,10.71,11.31,10.78,3.73,2.94,2.94,4.43,4.24,2.56,8.78,6.51,601166
456,270,2014-11-25,2567.597,11.08,11.7,11.11,5.15,8.24,10.83,11.44,10.98,3.77,2.97,2.99,4.49,4.28,2.61,8.87,6.57,601166
457,269,2014-11-26,2604.345,11.32,12.2,11.33,5.32,8.42,11.04,12.0,11.21,3.82,3.05,3.2,4.65,4.35,2.66,9.1,6.7,601166
458,268,2014-11-27,2630.486,11.48,12.37,11.4,5.55,8.52,11.18,12.18,11.31,3.83,3.08,3.45,4.85,4.39,2.69,9.25,6.75,601166
459,267,2014-11-28,2682.835,12.4,13.61,12.15,6.11,9.18,12.14,13.33,12.44,4.04,3.33,3.8,5.34,4.7,2.85,10.18,7.33,601166
460,266,2014-12-01,2680.155,12.16,13.21,12.11,6.29,8.92,11.92,12.79,12.19,4.01,3.38,3.91,5.42,4.79,2.82,10.33,7.19,601166
461,265,2014-12-02,2763.545,12.87,13.94,12.7,6.67,9.35,12.59,13.39,13.12,4.18,3.56,4.2,5.96,5.07,2.96,11.18,7.91,601166
462,264,2014-12-03,2779.525,12.58,13.61,12.65,6.43,9.25,12.38,12.94,13.1,4.1,3.41,4.0,5.86,4.94,2.92,10.89,8.22,601166
463,263,2014-12-04,2899.456,13.27,14.28,13.64,6.77,9.75,13.29,13.54,13.96,4.27,3.53,4.24,6.19,5.18,3.05,11.58,8.99,601166
464,262,2014-12-05,2937.647,13.53,14.56,13.95,6.89,9.92,13.6,13.64,14.53,4.59,3.69,4.23,6.25,5.7,3.31,11.78,9.09,601166
465,261,2014-12-08,3020.258,13.81,14.53,13.96,6.93,10.0,13.92,13.64,15.23,4.63,3.66,4.24,6.3,6.11,3.36,12.02,9.24,601166
466,260,2014-12-09,2856.269,12.65,13.08,13.04,6.35,9.11,12.8,12.34,13.71,4.2,3.33,4.0,5.69,5.52,3.05,10.82,8.33,601166
467,259,2014-12-10,2940.006,13.16,13.43,14.12,6.49,9.6,13.32,12.58,14.19,4.3,3.39,4.09,5.76,5.64,3.1,11.17,8.64,601166
468,258,2014-12-11,2925.743,13.05,13.43,14.24,6.32,9.57,13.25,12.84,13.92,4.2,3.34,3.96,5.64,5.46,3.05,11.0,8.61,601166
469,257,2014-12-12,2938.173,12.98,13.62,13.91,6.27,9.44,13.11,12.71,13.94,4.21,3.34,3.91,5.69,5.44,3.04,10.9,8.42,601166
470,256,2014-12-15,2953.421,12.76,13.36,13.62,6.15,9.25,12.84,12.64,13.58,4.13,3.29,3.84,5.57,5.3,3.0,10.74,8.23,601166
471,255,2014-12-16,3021.518,13.29,14.05,14.2,6.52,9.65,13.37,13.76,14.39,4.25,3.4,4.1,5.8,5.64,3.1,11.22,8.61,601166
472,254,2014-12-17,3061.02,14.11,15.46,15.1,7.17,10.3,14.28,15.08,15.36,4.47,3.54,4.38,6.15,5.94,3.24,12.06,9.47,601166
473,253,2014-12-18,3057.521,13.89,14.89,14.73,6.92,10.02,14.27,14.31,14.89,4.35,3.46,4.23,6.07,5.76,3.16,11.83,9.59,601166
474,252,2014-12-19,3108.596,14.09,15.3,14.92,7.08,10.09,14.49,14.38,15.0,4.41,3.54,4.35,6.21,6.09,3.24,11.91,9.63,601166
475,251,2014-12-22,3127.445,14.68,15.55,15.37,7.41,10.43,14.99,14.61,15.34,4.71,3.89,4.53,6.51,6.59,3.56,12.34,10.51,601166
476,250,2014-12-23,3032.612,14.11,14.72,15.03,7.06,9.97,14.35,13.9,14.75,4.48,3.72,4.24,6.17,6.26,3.36,11.7,10.5,601166
477,249,2014-12-24,2972.532,13.46,14.02,14.3,6.74,9.58,13.78,13.23,14.07,4.33,3.57,4.04,5.84,5.92,3.21,11.22,10.3,601166
478,248,2014-12-25,3072.536,14.25,14.85,14.76,6.98,10.05,14.49,13.84,14.69,4.46,3.72,4.23,6.08,6.32,3.34,12.34,10.74,601166
479,247,2014-12-26,3157.603,14.77,15.35,15.34,7.33,10.35,15.05,14.26,15.1,4.62,3.82,4.5,6.32,6.48,3.46,12.74,10.9,601166
480,246,2014-12-29,3168.016,14.95,15.09,15.29,7.28,10.26,15.55,14.17,14.92,4.61,3.85,4.49,6.34,6.42,3.44,12.82,10.73,601166
481,245,2014-12-30,3165.815,15.36,15.4,15.68,8.01,10.65,16.26,14.39,15.5,4.71,3.94,4.84,6.61,6.57,3.54,13.31,10.78,601166
482,244,2014-12-31,3234.677,15.69,15.73,16.59,8.14,10.93,16.5,14.65,15.84,4.87,4.15,4.88,6.8,6.73,3.71,13.46,10.88,601166
483,243,2015-01-05,3350.519,16.07,15.71,16.68,8.16,11.03,16.87,14.71,16.02,5.06,4.42,4.92,7.05,6.92,3.89,13.54,10.78,601166
484,242,2015-01-06,3351.446,16.13,15.4,16.42,7.93,10.82,16.99,14.41,15.78,5.1,4.56,4.83,6.9,6.82,3.95,13.3,10.42,601166
485,241,2015-01-07,3373.954,15.81,15.25,16.16,7.91,10.6,16.61,14.22,15.48,5.04,4.54,4.76,6.76,6.63,3.89,13.14,10.51,601166
486,240,2015-01-08,3293.456,15.25,14.67,15.57,7.54,10.26,15.91,13.7,14.96,4.83,4.33,4.55,6.53,6.35,3.73,12.65,10.2,601166
487,239,2015-01-09,3285.412,15.43,14.86,15.71,7.6,10.72,16.18,13.85,15.08,4.88,4.47,4.6,6.5,6.4,3.76,12.84,10.2,601166
488,238,2015-01-12,3229.316,15.22,14.45,15.6,7.46,10.94,16.03,13.48,14.77,4.82,4.4,4.52,6.48,6.25,3.67,12.66,9.99,601166
489,237,2015-01-13,3235.301,15.18,14.25,15.43,7.41,10.81,15.89,13.35,14.68,4.82,4.44,4.56,6.49,6.18,3.66,12.58,9.84,601166
490,236,2015-01-14,3222.437,15.49,14.36,15.71,7.66,10.91,16.17,13.46,14.81,4.89,4.59,4.64,6.63,6.33,3.73,12.81,9.94,601166
491,235,2015-01-15,3336.455,16.12,14.83,16.18,7.92,11.41,16.85,13.9,15.35,5.09,4.87,4.8,6.85,6.55,3.86,13.57,10.23,601166
492,234,2015-01-16,3376.495,16.47,14.83,16.24,7.88,11.53,16.79,13.86,15.37,5.15,4.98,4.84,7.21,6.64,3.94,13.56,10.21,601166
493,233,2015-01-19,3116.351,14.82,13.36,14.63,7.09,10.38,15.11,12.48,13.83,4.64,4.48,4.36,6.49,5.98,3.55,12.2,9.19,601166
494,232,2015-01-20,3173.052,15.0,13.62,14.64,6.93,10.29,14.87,12.69,13.83,4.64,4.45,4.28,6.48,5.94,3.57,12.2,9.48,601166
495,231,2015-01-21,3323.611,15.74,14.47,15.3,7.31,10.88,15.61,13.28,14.42,4.92,4.89,4.5,6.84,6.27,3.77,12.96,9.98,601166
496,230,2015-01-22,3343.344,15.63,14.36,15.13,7.22,10.7,15.42,13.18,14.3,4.88,4.84,4.44,6.88,6.2,3.73,12.83,10.18,601166
497,229,2015-01-23,3351.764,15.63,14.47,15.17,7.26,10.75,15.45,13.22,14.4,4.98,4.84,4.44,6.86,6.21,3.74,13.06,10.38,601166
498,228,2015-01-26,3383.182,15.43,14.55,15.03,7.24,10.72,15.28,13.29,14.34,4.93,4.78,4.39,6.76,6.15,3.71,12.94,10.49,601166
499,227,2015-01-27,3352.96,15.01,14.24,14.71,7.06,10.44,14.9,13.13,13.99,4.78,4.63,4.3,6.53,6.02,3.62,12.61,10.19,601166
500,226,2015-01-28,3305.738,14.81,14.01,14.53,7.15,10.31,14.77,13.02,14.06,4.69,4.55,4.26,6.39,5.97,3.58,12.44,9.94,601166
501,225,2015-01-29,3262.305,14.42,13.89,14.37,7.01,10.17,14.44,12.79,13.9,4.56,4.4,4.18,6.32,5.88,3.5,12.15,9.63,601166
502,224,2015-01-30,3210.363,14.47,13.89,14.34,6.95,10.37,14.47,12.82,13.93,4.54,4.4,4.17,6.23,5.85,3.46,12.15,9.47,601166
503,223,2015-02-02,3128.3,14.04,13.61,14.09,6.68,10.04,14.04,12.55,13.63,4.41,4.13,4.0,5.96,5.67,3.33,11.91,9.17,601166
504,222,2015-02-03,3204.907,14.45,13.94,14.57,6.86,10.23,14.4,12.78,13.95,4.5,4.28,4.13,6.14,5.81,3.4,12.17,9.36,601166
505,221,2015-02-04,3174.126,14.18,13.7,14.3,6.72,10.04,14.11,12.5,13.71,4.41,4.13,4.05,6.02,5.72,3.36,11.84,9.14,601166
506,220,2015-02-05,3136.531,14.18,14.19,14.32,6.71,10.0,14.13,12.66,13.79,4.4,4.13,4.03,6.0,5.64,3.32,11.85,9.09,601166
507,219,2015-02-06,3075.907,14.09,13.64,14.25,6.47,9.66,14.05,12.29,13.51,4.3,4.01,3.95,5.9,5.49,3.22,11.64,9.07,601166
508,218,2015-02-09,3095.124,14.16,13.71,14.41,6.57,9.7,14.12,12.42,13.52,4.3,4.03,3.97,6.03,5.52,3.23,11.71,9.24,601166
509,217,2015-02-10,3141.593,14.43,14.08,14.66,6.75,9.86,14.37,12.64,13.77,4.36,4.1,4.12,6.15,5.58,3.27,11.95,9.33,601166
510,216,2015-02-11,3157.704,14.42,14.03,14.64,6.7,9.85,14.31,12.66,13.73,4.33,4.07,4.1,6.12,5.56,3.26,11.89,9.35,601166
511,215,2015-02-12,3173.416,14.35,14.25,14.57,6.7,10.0,14.05,12.67,13.86,4.34,4.06,4.1,6.11,5.54,3.25,11.96,9.3,601166
512,214,2015-02-13,3203.827,14.43,14.23,14.63,6.75,10.07,14.12,12.81,13.95,4.44,4.11,4.11,6.11,5.59,3.31,12.36,9.3,601166
513,213,2015-02-16,3222.363,14.4,14.41,14.46,6.72,10.07,14.07,12.92,13.92,4.42,4.09,4.08,6.08,5.58,3.29,12.19,9.22,601166
514,212,2015-02-17,3246.906,14.47,14.67,14.52,6.75,10.12,14.11,12.96,13.99,4.49,4.1,4.09,6.1,5.6,3.31,12.24,9.24,601166
515,211,2015-02-25,3228.843,14.28,14.2,14.3,6.62,10.1,13.96,12.65,13.8,4.49,4.05,4.04,6.02,5.54,3.29,11.87,9.13,601166
516,210,2015-02-26,3298.359,14.62,14.86,14.67,6.79,10.47,14.27,13.14,14.07,4.59,4.14,4.14,6.12,5.68,3.35,12.22,9.27,601166
517,209,2015-02-27,3310.303,14.53,14.7,14.7,6.77,10.44,14.24,13.04,13.99,4.58,4.11,4.11,6.08,5.69,3.34,12.02,9.23,601166
518,208,2015-03-02,3336.285,14.48,14.81,14.57,7.05,10.45,14.27,13.08,14.03,4.57,4.11,4.13,6.08,5.73,3.36,12.02,9.24,601166
519,207,2015-03-03,3263.052,14.0,14.25,14.17,6.72,10.05,13.89,12.69,13.6,4.4,3.97,3.99,5.88,5.53,3.24,11.61,9.0,601166
520,206,2015-03-04,3279.533,13.91,14.21,14.21,6.66,10.02,13.81,12.61,13.57,4.38,3.91,3.97,5.85,5.5,3.22,11.56,8.96,601166
521,205,2015-03-05,3248.476,13.58,13.95,13.91,6.55,9.85,13.46,12.42,13.38,4.31,3.8,3.88,5.68,5.35,3.14,11.31,8.75,601166
522,204,2015-03-06,3241.187,13.63,14.15,14.05,6.57,9.89,13.53,12.47,13.44,4.34,3.83,3.89,5.83,5.39,3.15,11.35,8.76,601166
523,203,2015-03-09,3302.408,14.51,15.57,14.68,7.08,10.8,14.71,13.72,14.15,4.52,4.03,4.1,6.12,5.7,3.29,11.98,9.22,601166
524,202,2015-03-10,3286.068,14.1,15.8,14.29,6.87,10.38,14.25,13.73,13.77,4.42,3.93,4.01,6.08,5.57,3.2,11.69,9.0,601166
525,201,2015-03-11,3290.9,14.25,16.0,14.45,6.97,10.47,14.57,13.79,13.86,4.46,4.01,4.03,6.11,5.64,3.22,11.74,9.03,601166
526,200,2015-03-12,3349.323,15.12,17.4,15.13,7.26,11.08,15.97,14.68,14.6,4.57,4.18,4.19,6.36,5.84,3.32,12.36,9.38,601166
527,199,2015-03-13,3372.911,15.29,17.58,15.1,7.2,11.06,16.49,14.51,14.99,4.57,4.15,4.2,6.29,5.81,3.32,12.38,9.33,601166
528,198,2015-03-16,3449.305,15.47,17.77,15.36,7.25,11.07,17.06,14.69,15.41,4.6,4.18,4.24,6.34,5.87,3.36,12.52,9.39,601166
529,197,2015-03-17,3502.847,15.54,18.52,15.41,7.34,11.09,17.05,14.81,15.4,4.63,4.21,4.42,6.4,5.93,3.4,12.67,9.44,601166
530,196,2015-03-18,3577.301,15.88,18.38,15.74,7.51,11.2,17.12,14.93,15.51,4.73,4.33,4.84,6.54,6.11,3.52,12.9,9.63,601166
531,195,2015-03-19,3582.271,15.64,17.89,15.68,7.43,11.03,17.15,14.61,15.19,4.69,4.27,4.7,6.44,6.04,3.48,12.69,9.51,601166
532,194,2015-03-20,3617.318,15.75,18.0,15.69,7.5,11.14,17.05,14.87,15.32,4.72,4.38,4.72,6.48,6.11,3.56,12.78,9.63,601166
533,193,2015-03-23,3687.728,15.91,18.04,15.79,7.52,11.2,17.63,14.98,15.43,4.78,4.43,4.75,6.53,6.18,3.62,12.91,9.76,601166
534,192,2015-03-24,3691.41,15.69,17.82,15.56,7.41,11.18,17.3,14.77,15.35,4.8,4.44,4.68,6.45,6.14,3.73,12.79,9.67,601166
535,191,2015-03-25,3660.727,15.24,17.32,15.16,7.23,10.86,16.72,14.36,14.91,4.69,4.3,4.53,6.28,5.98,3.64,12.5,9.43,601166
536,190,2015-03-26,3682.095,15.36,18.17,15.22,7.23,10.88,17.03,14.7,15.11,4.72,4.31,4.54,6.3,5.98,3.65,12.57,9.46,601166
537,189,2015-03-27,3691.096,15.36,17.82,15.26,7.29,10.79,17.0,14.56,15.08,4.71,4.32,4.63,6.32,5.99,3.64,12.76,9.51,601166
538,188,2015-03-30,3786.568,16.02,18.25,15.74,7.46,11.1,18.5,14.98,15.66,4.92,4.46,4.86,6.49,6.19,3.74,13.19,9.79,601166
539,187,2015-03-31,3747.899,15.79,17.85,15.57,7.36,10.91,18.36,14.85,15.75,4.86,4.38,4.73,6.39,6.1,3.67,12.9,9.7,601166
540,186,2015-04-01,3810.294,15.95,17.9,15.73,7.41,10.94,18.39,14.93,15.96,4.89,4.41,4.83,6.43,6.15,3.69,12.97,9.76,601166
541,185,2015-04-02,3825.784,16.18,17.86,15.66,7.35,10.89,18.12,14.89,15.8,4.85,4.36,4.81,6.38,6.11,3.65,13.06,9.67,601166
542,184,2015-04-03,3863.929,16.2,18.17,,7.39,11.07,18.65,15.0,15.85,4.87,4.37,4.83,6.4,6.12,3.66,13.24,9.72,601166
543,183,2015-04-07,3961.378,16.71,18.55,,7.61,11.27,19.79,15.6,16.81,5.0,4.47,5.05,6.55,6.28,3.77,13.71,9.94,601166
544,182,2015-04-08,3994.811,17.02,19.59,,7.84,11.75,20.47,16.03,17.92,5.04,4.53,5.25,6.68,6.36,3.81,13.96,10.12,601166
545,181,2015-04-09,3957.534,16.87,19.44,,7.69,11.62,19.83,15.77,18.0,5.03,4.49,5.15,6.63,6.38,3.77,13.96,10.05,601166
546,180,2015-04-10,4034.31,17.53,19.98,,7.84,11.97,20.39,16.17,19.8,5.1,4.56,5.34,6.78,6.49,3.81,14.59,10.28,601166
547,179,2015-04-13,4121.715,18.03,20.03,17.23,8.0,12.31,20.69,16.33,16.54,5.32,4.68,5.45,6.93,6.95,3.92,14.87,10.44,601166
548,178,2015-04-14,4135.565,17.89,19.45,17.48,7.86,12.05,20.17,16.09,16.3,5.26,4.63,5.45,6.84,6.91,3.87,15.34,10.27,601166
549,177,2015-04-15,4084.163,17.96,19.4,17.87,7.93,12.59,20.05,16.55,16.65,5.43,4.71,5.45,7.0,7.04,3.9,16.87,10.56,601166
550,176,2015-04-16,4194.823,18.65,19.53,18.81,8.28,12.68,20.54,16.78,17.0,5.62,4.8,5.59,7.16,7.2,3.97,17.16,10.99,601166
551,175,2015-04-17,4287.296,18.6,19.8,18.32,8.27,12.66,20.56,16.85,16.93,5.64,4.93,5.61,7.23,7.19,4.03,16.88,10.93,601166
552,174,2015-04-20,4217.077,17.9,19.07,17.81,7.93,12.07,19.46,16.01,16.3,5.42,4.74,5.36,6.9,6.84,3.95,16.17,10.45,601166
553,173,2015-04-21,4293.623,18.16,19.38,18.17,8.03,12.28,19.75,16.24,16.56,5.44,4.78,5.41,6.98,6.91,3.99,16.51,10.73,601166
554,172,2015-04-22,4398.494,18.5,19.74,18.41,8.19,12.43,20.7,16.8,16.95,5.52,4.86,5.48,7.11,7.0,4.04,16.69,10.87,601166
555,171,2015-04-23,4414.508,18.22,19.35,18.17,8.05,12.24,20.15,16.87,16.66,5.48,4.8,5.39,7.0,6.9,4.01,16.64,10.69,601166
556,170,2015-04-24,4393.686,17.68,18.82,17.7,7.89,11.93,19.34,16.33,16.14,5.33,4.66,5.21,6.81,6.71,3.92,16.12,10.43,601166
557,169,2015-04-27,4527.396,18.17,19.6,18.44,8.11,12.9,19.63,16.87,16.42,5.5,4.81,5.4,7.02,6.98,4.0,16.58,10.66,601166
558,168,2015-04-28,4476.215,18.3,20.42,18.36,8.26,,19.93,18.35,16.7,5.64,5.06,5.76,7.14,7.14,4.11,17.03,10.9,601166
559,167,2015-04-29,4476.62,18.53,19.9,18.48,8.1,,19.76,17.96,16.65,5.53,4.97,5.67,7.04,6.98,4.02,16.82,10.73,601166
560,166,2015-04-30,4441.655,18.07,19.41,18.22,7.92,12.99,19.41,17.55,16.7,5.41,4.84,5.55,6.92,6.85,3.96,16.2,10.62,601166
561,165,2015-05-04,4480.464,17.81,19.18,18.16,7.95,13.57,19.12,17.5,16.52,5.39,4.83,5.49,7.02,6.9,3.95,16.17,10.83,601166
562,164,2015-05-05,4298.706,17.08,18.33,17.45,7.51,12.79,18.09,16.56,15.86,5.14,4.59,5.22,6.69,6.55,3.77,15.15,10.6,601166
563,163,2015-05-06,4229.266,17.06,18.01,17.54,7.36,13.18,18.07,16.62,15.72,5.13,4.51,5.17,6.65,6.5,3.72,14.91,10.83,601166
564,162,2015-05-07,4112.214,17.07,18.11,17.69,7.29,13.47,18.08,16.62,15.67,5.08,4.43,5.08,6.59,6.39,3.65,15.01,10.75,601166
565,161,2015-05-08,4205.917,17.11,18.2,17.7,7.37,13.47,18.12,16.62,15.85,5.15,4.49,5.13,6.65,6.47,3.7,15.06,10.61,601166
566,160,2015-05-11,4333.584,17.27,18.8,17.91,7.55,13.64,18.69,17.29,16.03,5.2,4.56,5.42,6.75,6.56,3.74,15.42,10.62,601166
567,159,2015-05-12,4401.219,17.24,18.94,17.77,7.78,13.55,18.8,17.53,15.96,5.19,4.58,5.42,6.76,6.59,3.75,15.47,10.6,601166
568,158,2015-05-13,4375.76,17.07,18.96,17.54,7.62,13.31,18.37,17.43,15.88,5.16,4.56,5.31,6.78,6.66,3.72,15.23,10.41,601166
569,157,2015-05-14,4378.311,16.99,19.12,17.49,7.6,13.37,18.05,17.27,15.89,5.13,4.55,5.29,6.75,6.6,3.71,15.19,10.49,601166
570,156,2015-05-15,4308.691,16.78,18.3,17.16,7.35,13.09,17.9,16.72,15.45,5.08,4.44,5.16,6.62,6.43,3.66,14.82,10.18,601166
571,155,2015-05-18,4283.491,16.38,17.97,16.85,7.25,12.6,17.75,16.3,15.18,5.0,4.33,5.07,6.53,6.31,3.61,14.55,9.97,601166
572,154,2015-05-19,4417.552,17.04,18.67,17.63,7.47,13.02,18.57,17.18,15.59,5.14,4.46,5.23,6.71,6.5,3.7,15.21,10.27,601166
573,153,2015-05-20,4446.288,17.15,18.68,18.04,7.42,13.02,18.6,17.21,15.74,5.15,4.44,5.2,6.71,6.49,3.69,15.38,10.34,601166
574,152,2015-05-21,4529.422,17.32,18.78,18.16,7.42,12.97,18.64,17.33,15.79,5.2,4.44,5.22,6.72,6.49,3.68,15.45,10.38,601166
575,151,2015-05-22,4657.596,17.76,19.35,18.7,7.66,13.39,19.54,18.03,16.27,5.33,4.57,5.41,6.89,6.67,3.79,16.18,10.63,601166
576,150,2015-05-25,4813.798,18.14,19.8,19.22,7.82,13.72,20.16,18.65,16.6,5.44,4.67,5.53,7.03,6.83,3.89,16.49,10.78,601166
577,149,2015-05-26,4910.897,18.39,19.85,19.2,7.88,13.69,20.08,18.69,16.62,5.44,4.68,5.55,7.05,6.85,3.9,16.45,10.79,601166
578,148,2015-05-27,4941.714,18.07,19.64,19.07,7.83,13.57,19.18,18.4,16.48,5.37,4.65,5.49,7.02,6.76,3.87,16.26,10.69,601166
579,147,2015-05-28,4620.266,17.04,19.1,17.92,7.47,12.98,18.04,18.34,15.5,5.1,4.38,5.16,6.67,6.36,3.67,15.1,10.05,601166
580,146,2015-05-29,4611.744,17.04,18.89,18.07,7.39,12.73,17.99,18.98,15.32,5.07,4.33,5.17,6.82,6.37,3.64,15.02,10.02,601166
581,145,2015-06-01,4828.738,17.93,19.93,18.83,7.71,13.29,18.71,20.12,15.9,5.23,4.5,5.47,7.5,6.69,3.77,15.8,10.4,601166
582,144,2015-06-02,4910.527,17.84,20.16,18.95,7.74,13.23,18.57,20.23,15.77,5.2,4.48,5.74,7.46,6.68,3.76,15.91,10.51,601166
583,143,2015-06-03,4909.978,17.9,21.19,19.45,7.89,13.39,18.56,21.58,15.83,5.2,4.48,5.59,7.38,6.65,3.74,16.5,10.43,601166
584,142,2015-06-04,4947.102,18.63,22.19,20.44,8.11,14.02,19.52,22.16,16.37,5.34,4.71,6.1,8.12,6.92,3.85,17.14,10.6,601166
585,141,2015-06-05,5023.096,18.43,21.97,19.99,8.0,14.0,19.3,,16.3,5.32,4.7,5.93,8.13,6.89,3.85,16.79,10.54,601166
586,140,2015-06-08,5131.881,,23.88,21.13,8.49,15.39,20.68,,17.29,5.63,5.17,6.38,8.94,7.37,4.12,17.75,11.1,601166
587,139,2015-06-09,5113.534,,23.19,20.83,8.49,15.11,20.12,,16.98,5.52,5.29,6.25,9.4,7.26,4.04,17.41,10.86,601166
588,138,2015-06-10,5106.036,,22.74,20.47,8.31,14.95,19.92,,16.68,5.43,5.15,6.05,9.17,7.16,3.99,17.06,11.01,601166
589,137,2015-06-11,5121.593,,22.18,20.36,8.18,14.79,19.7,,16.48,5.42,5.01,5.95,8.86,7.07,3.95,17.17,10.93,601166
590,136,2015-06-12,5166.35,,22.39,20.31,8.46,14.76,20.04,21.28,16.51,5.44,5.1,6.22,8.89,7.11,3.97,17.18,10.99,601166
591,135,2015-06-15,5062.993,,21.41,19.5,8.08,14.51,19.12,20.42,15.92,5.32,4.96,6.0,8.75,6.9,3.87,16.51,10.48,601166
592,134,2015-06-16,4887.43,,21.05,19.3,8.36,14.26,18.79,20.24,15.64,5.24,4.84,5.95,8.93,6.84,3.82,16.1,10.19,601166
593,133,2015-06-17,4967.9,18.2,21.37,19.43,8.54,14.46,18.89,20.26,15.73,5.29,4.96,6.01,9.0,7.0,3.85,16.18,10.19,601166
594,132,2015-06-18,4785.36,17.73,20.49,18.8,8.02,13.99,18.02,19.8,15.38,5.12,4.74,5.61,8.12,6.7,3.74,15.59,9.68,601166
595,131,2015-06-19,4478.36,17.06,19.0,18.05,7.45,13.48,17.28,18.89,14.63,4.98,4.54,5.3,7.59,6.4,3.57,15.0,9.16,601166
596,130,2015-06-23,4576.49,17.01,19.49,18.85,7.69,13.84,17.68,19.49,14.95,5.17,4.71,5.43,7.92,6.6,3.69,15.24,9.32,601166
597,129,2015-06-24,4690.15,17.26,20.05,18.89,7.91,13.95,17.81,20.29,15.12,5.23,4.79,5.57,8.09,6.8,3.74,15.4,9.82,601166
598,128,2015-06-25,4527.78,16.71,20.08,18.45,7.66,13.63,17.43,20.33,14.87,5.15,4.74,5.4,7.84,6.73,3.7,15.04,9.41,601166
599,127,2015-06-26,4192.87,15.87,18.69,17.39,7.17,12.68,16.33,20.13,13.77,4.99,4.53,5.06,7.37,6.49,3.54,14.06,9.08,601166
600,126,2015-06-29,4053.03,15.91,19.4,17.45,7.25,12.68,16.16,21.7,13.56,5.07,4.57,5.05,7.5,6.62,3.55,14.15,9.4,601166
601,125,2015-06-30,4277.22,16.97,21.15,18.73,7.71,13.34,17.25,22.82,14.54,5.27,4.89,5.37,8.24,7.13,3.71,15.21,9.95,601166
602,124,2015-07-01,4053.7,16.34,20.39,18.2,7.38,12.6,16.56,20.52,13.92,5.14,4.75,5.14,8.27,6.45,3.6,14.75,9.56,601166
603,123,2015-07-02,3912.77,16.39,19.36,18.6,8.12,12.27,16.45,18.7,13.75,5.43,5.0,5.12,8.5,6.71,3.63,15.07,9.53,601166
604,122,2015-07-03,3686.92,15.86,17.51,17.53,7.65,11.54,15.73,16.82,13.07,5.3,4.47,4.78,7.92,6.28,3.51,14.57,9.28,601166
605,121,2015-07-06,3775.91,17.22,18.62,18.84,8.27,12.39,16.93,17.74,13.88,5.8,4.9,5.21,8.7,6.79,3.86,15.59,9.86,601166
606,120,2015-07-07,3727.12,17.58,18.46,20.19,9.1,12.63,17.2,17.46,14.65,5.75,5.39,5.71,8.9,7.47,4.13,16.42,10.73,601166
607,119,2015-07-08,3507.19,15.98,18.16,18.38,9.4,11.4,15.51,15.74,13.19,5.47,5.59,5.43,8.01,6.84,3.92,12.62,10.17,601166
608,118,2015-07-09,3709.33,16.95,19.85,19.01,9.8,12.39,17.08,17.3,14.26,5.59,5.6,5.71,8.39,7.05,4.14,13.22,10.59,601166
609,117,2015-07-10,3877.8,17.31,21.02,18.99,9.78,13.11,17.69,18.48,14.86,5.54,5.54,5.8,8.51,7.13,3.95,13.46,10.42,601166
610,116,2015-07-13,3970.39,17.04,21.34,18.31,9.21,13.03,17.58,18.5,14.44,5.27,5.22,5.54,8.17,6.83,3.78,13.05,10.01,601166
611,115,2015-07-14,3924.49,16.74,20.72,17.87,9.99,12.65,17.17,18.1,13.87,5.16,5.24,5.38,8.02,6.69,3.72,12.93,9.7,601166
612,114,2015-07-15,3805.7,17.07,15.78,18.48,10.28,12.93,17.29,17.7,13.58,5.28,5.37,5.52,8.13,6.76,3.8,13.19,10.05,601166
613,113,2015-07-16,3823.18,16.96,15.39,18.14,9.87,12.73,17.06,17.87,13.6,5.22,5.24,5.37,7.97,6.67,3.76,12.94,9.81,601166
614,112,2015-07-17,3957.35,17.02,15.72,18.34,9.81,10.5,17.33,18.36,13.82,5.2,5.18,5.37,7.99,6.66,3.76,13.18,9.84,601166
615,111,2015-07-20,3992.11,16.68,15.33,18.43,9.98,10.24,17.07,17.87,13.6,5.18,5.16,5.3,7.89,6.62,3.73,13.09,9.74,601166
616,110,2015-07-21,4017.67,16.38,15.22,18.08,9.52,10.04,16.73,17.93,13.57,5.15,5.09,5.24,7.77,6.51,3.7,12.84,9.62,601166
617,109,2015-07-22,4026.05,16.16,15.04,17.84,9.36,9.97,16.52,17.89,13.52,5.13,5.04,5.15,7.68,6.47,3.67,12.57,9.55,601166
618,108,2015-07-23,4123.92,16.42,15.53,17.94,9.41,10.14,16.81,18.22,13.67,5.15,5.07,5.2,7.79,6.53,3.69,12.66,9.65,601166
619,107,2015-07-24,4070.91,16.14,15.19,17.89,9.21,9.95,16.57,18.43,13.38,5.1,5.0,5.17,7.64,6.46,3.66,12.26,9.44,601166
620,106,2015-07-27,3725.56,14.92,13.67,16.69,8.3,8.95,15.26,16.59,12.44,4.83,4.63,4.66,6.87,5.97,3.42,11.04,8.74,601166
621,105,2015-07-28,3663.0,15.24,13.7,17.04,8.2,8.95,15.43,16.94,12.62,4.82,4.67,4.69,7.0,6.14,3.45,11.25,9.11,601166
622,104,2015-07-29,3789.17,15.29,13.68,17.17,8.11,9.05,15.6,17.3,12.6,4.86,4.64,4.69,7.0,6.14,3.46,11.2,9.07,601166
623,103,2015-07-30,3705.77,14.9,13.08,16.99,7.96,8.81,15.3,16.63,12.26,4.79,4.52,4.59,6.8,6.04,3.41,10.82,9.05,601166
624,102,2015-07-31,3663.73,15.07,13.16,17.31,7.61,8.77,15.52,16.96,12.36,4.83,4.45,4.55,6.84,6.04,3.44,10.81,9.09,601166
625,101,2015-08-03,3622.91,15.53,13.35,18.08,7.71,8.97,15.95,17.63,12.82,4.86,4.45,4.63,6.97,6.19,3.51,11.11,9.34,601166
626,100,2015-08-04,3756.54,15.63,13.58,18.16,7.78,9.05,16.06,17.81,12.86,4.87,4.48,4.65,6.98,6.2,3.52,11.2,9.43,601166
627,99,2015-08-05,3694.57,15.3,13.32,17.98,7.61,8.91,15.72,17.45,12.59,4.83,4.4,4.56,6.83,6.06,3.46,10.93,9.34,601166
628,98,2015-08-06,3661.54,15.38,13.33,18.12,7.62,8.93,15.78,17.39,12.53,4.81,4.35,4.52,6.76,6.02,3.43,10.88,9.37,601166
629,97,2015-08-07,3744.2,15.47,13.48,18.3,7.63,9.04,15.89,17.6,12.61,4.84,4.39,4.55,6.8,6.05,3.45,11.02,9.33,601166
630,96,2015-08-10,3928.42,15.78,13.95,18.62,7.87,9.27,16.29,18.12,12.92,4.92,4.49,4.68,7.03,6.17,3.51,11.36,9.44,601166
631,95,2015-08-11,3927.91,15.57,13.7,18.19,7.8,9.08,15.98,17.78,12.84,4.87,4.45,4.61,6.9,6.1,3.47,11.17,9.28,601166
632,94,2015-08-12,3886.32,15.39,13.34,17.91,7.63,8.89,15.67,17.41,12.57,4.8,4.38,4.55,6.81,6.02,3.44,10.98,9.17,601166
633,93,2015-08-13,3954.56,15.45,13.45,17.85,7.63,8.92,15.66,17.49,12.57,4.79,4.38,4.56,6.79,6.02,3.45,10.99,9.12,601166
634,92,2015-08-14,3965.33,15.48,13.54,17.75,7.6,8.89,15.66,17.45,12.64,4.76,4.38,4.55,6.78,6.0,3.43,10.94,9.06,601166
635,91,2015-08-17,3993.67,15.31,13.26,17.33,7.47,8.75,15.43,17.13,12.54,4.71,4.33,4.47,6.72,5.93,3.41,10.77,8.97,601166
636,90,2015-08-18,3748.16,14.87,12.46,16.8,7.61,8.39,15.04,16.15,12.27,4.64,4.26,4.25,6.43,5.73,3.36,10.21,8.71,601166
637,89,2015-08-19,3794.11,14.99,12.67,17.06,7.41,8.42,15.09,16.19,12.23,4.58,4.19,4.24,6.38,5.67,3.34,10.44,8.91,601166
638,88,2015-08-20,3664.29,14.68,12.08,16.81,7.09,8.25,14.73,15.7,12.05,4.55,4.18,4.2,6.25,5.6,3.33,10.25,8.75,601166
639,87,2015-08-21,3507.74,14.22,12.11,16.54,6.8,8.03,14.27,15.0,11.5,4.55,4.15,4.09,6.13,5.48,3.32,10.02,8.51,601166
640,86,2015-08-24,3209.91,12.87,10.9,14.98,6.11,7.23,12.93,13.48,10.35,4.1,3.8,3.7,5.68,4.93,3.02,9.15,7.89,601166
641,85,2015-08-25,2964.97,12.42,9.81,14.74,5.51,7.14,12.2,12.23,9.46,3.89,3.49,3.34,5.05,4.59,2.74,8.61,7.45,601166
642,84,2015-08-26,2927.29,13.01,10.2,16.07,5.66,7.77,12.92,12.93,9.91,4.05,3.65,3.49,5.26,4.83,2.84,9.11,7.77,601166
643,83,2015-08-27,3083.59,13.97,11.22,17.63,6.22,8.56,13.97,14.22,10.8,4.25,3.89,3.79,5.67,5.14,2.98,9.85,8.25,601166
644,82,2015-08-28,3232.35,14.32,11.49,17.4,6.38,8.71,14.14,14.73,10.83,4.23,3.9,3.85,5.83,5.14,3.02,9.9,8.2,601166
645,81,2015-08-31,3205.99,14.97,12.47,17.08,6.4,9.4,14.6,15.68,11.07,4.19,3.86,4.22,6.39,5.17,2.99,10.39,8.6,601166
646,80,2015-09-01,3166.62,15.33,12.42,16.84,6.44,8.88,14.85,15.85,11.57,4.5,4.05,4.29,6.76,5.62,3.16,10.71,8.89,601166
647,79,2015-09-02,3160.17,14.89,12.28,16.8,6.24,8.88,14.7,15.35,11.84,4.95,4.21,4.34,6.89,5.9,3.34,10.88,9.26,601166
648,78,2015-09-07,3080.42,14.41,11.38,16.16,5.83,8.5,13.85,14.8,10.89,4.51,3.96,4.03,6.26,5.41,3.12,10.11,8.43,601166
649,77,2015-09-08,3170.45,15.1,11.65,16.64,6.28,8.67,14.26,15.1,11.0,4.49,3.99,4.15,6.29,5.48,3.14,10.34,8.47,601166
650,76,2015-09-09,3243.09,15.17,11.91,16.75,6.38,8.74,14.4,15.21,11.1,4.5,4.0,4.16,6.33,5.51,3.18,10.38,8.49,601166
651,75,2015-09-10,3197.89,15.24,11.86,17.27,6.24,8.75,14.5,15.09,11.05,4.46,3.99,4.18,6.35,5.55,3.17,10.44,8.6,601166
652,74,2015-09-11,3200.23,15.57,11.81,17.14,6.17,8.67,14.59,15.09,10.96,4.43,3.93,4.13,6.28,5.49,3.14,10.41,8.58,601166
653,73,2015-09-14,3114.8,15.92,11.56,18.34,6.13,8.83,14.84,15.18,10.87,4.52,3.93,,6.32,5.55,3.15,10.73,9.08,601166
654,72,2015-09-15,3005.17,15.45,11.29,18.01,6.13,8.75,14.66,14.83,10.57,4.54,3.92,,6.42,5.51,3.16,10.59,9.04,601166
655,71,2015-09-16,3152.26,15.43,11.63,17.91,6.24,8.9,14.91,15.38,10.9,4.53,3.95,,6.41,5.54,3.17,10.68,8.98,601166
656,70,2015-09-17,3086.06,15.1,11.5,17.55,6.1,8.7,14.63,15.22,10.77,4.52,3.9,,6.26,5.46,3.15,10.42,8.77,601166
657,69,2015-09-18,3097.92,15.03,11.4,17.71,6.05,8.6,14.5,15.11,10.81,4.46,3.86,,6.19,5.43,3.14,10.32,8.75,601166
658,68,2015-09-21,3156.54,14.98,11.47,17.58,6.05,8.63,14.38,15.32,10.82,4.42,3.85,,6.2,5.38,3.13,10.27,8.77,601166
659,67,2015-09-22,3185.62,15.06,11.79,17.95,6.09,8.74,14.51,15.65,10.96,4.44,3.88,,6.26,5.42,3.14,10.38,8.79,601166
660,66,2015-09-23,3115.89,14.91,11.41,17.73,5.95,8.56,14.22,14.53,10.7,4.38,3.8,,6.15,5.29,3.1,10.12,8.61,601166
661,65,2015-09-24,3142.69,15.24,11.45,17.52,5.99,8.61,14.25,14.55,10.71,4.37,3.79,,6.14,5.27,3.09,10.15,8.59,601166
662,64,2015-09-25,3092.35,15.61,11.44,17.69,6.01,8.61,14.28,14.43,10.55,4.44,3.81,,6.23,5.29,3.11,10.3,8.74,601166
663,63,2015-09-28,3100.76,15.95,11.37,17.52,5.96,8.6,14.35,14.61,10.53,4.38,3.79,4.01,6.17,5.26,3.08,10.21,8.62,601166
664,62,2015-09-29,3038.14,15.95,11.14,17.41,5.86,8.57,14.18,14.29,10.38,4.32,3.71,3.88,6.07,5.17,3.03,10.04,8.42,601166
665,61,2015-09-30,3052.78,16.63,11.24,17.74,5.87,8.61,14.55,14.5,10.49,4.32,3.72,3.88,6.09,5.19,3.04,10.11,8.45,601166
666,60,2015-10-08,3143.36,15.9,11.49,17.74,5.98,8.77,14.81,14.76,10.7,4.39,3.78,3.94,6.18,5.28,3.08,10.26,8.49,601166
667,59,2015-10-09,3183.15,15.9,11.7,17.96,6.01,,14.97,15.15,10.9,4.44,3.8,3.96,6.23,5.32,3.09,10.3,8.5,601166
668,58,2015-10-12,3287.66,16.07,12.43,18.19,6.18,,15.2,15.58,11.23,4.51,3.87,4.08,6.35,5.44,3.15,10.49,8.65,601166
669,57,2015-10-13,3293.23,15.98,12.23,18.08,6.18,,15.08,15.42,11.13,4.46,3.84,4.04,6.29,5.41,3.13,10.42,8.6,601166
670,56,2015-10-14,3262.44,15.9,12.13,17.86,6.23,,14.98,15.23,10.98,4.42,3.84,4.01,6.22,5.37,3.1,10.27,8.53,601166
671,55,2015-10-15,3338.07,,12.37,18.35,6.29,,15.19,15.48,11.17,4.49,3.88,4.06,6.29,5.43,3.14,10.48,8.6,601166
672,54,2015-10-16,3391.35,,12.57,18.58,6.34,,15.21,15.68,11.23,4.51,3.92,4.1,6.35,5.46,3.15,10.52,8.62,601166
673,53,2015-10-19,3386.7,,12.68,18.28,6.31,,15.13,15.7,11.26,4.5,3.91,4.08,6.4,5.46,3.13,10.51,8.57,601166
674,52,2015-10-20,3425.33,,12.8,18.23,6.32,,15.14,15.74,11.32,4.49,3.9,4.08,6.38,5.48,3.13,10.58,8.58,601166
675,51,2015-10-21,3320.68,,12.99,18.33,6.58,,15.13,16.19,11.22,4.6,3.98,4.2,6.53,5.5,3.17,10.75,8.75,601166
676,50,2015-10-22,3368.74,,12.96,18.3,6.51,,15.02,16.61,11.33,4.65,3.95,4.2,6.53,5.54,3.15,10.62,8.76,601166
677,49,2015-10-23,3412.43,,13.08,18.2,6.49,,15.11,17.01,11.47,4.62,3.95,4.17,6.49,5.56,3.16,10.64,8.73,601166
678,48,2015-10-26,3429.58,16.28,13.15,18.08,6.45,,15.16,17.09,11.52,4.61,3.95,4.17,6.48,5.58,3.17,10.68,8.75,601166
679,47,2015-10-27,3434.34,16.3,12.92,18.05,6.41,,15.13,16.88,11.48,4.62,3.92,4.14,6.46,5.52,3.16,10.64,8.69,601166
680,46,2015-10-28,3375.2,16.32,12.85,17.85,6.43,,15.09,16.48,11.27,4.61,3.91,4.13,6.41,5.49,3.15,10.51,8.64,601166
681,45,2015-10-29,3387.32,16.58,12.78,17.82,6.36,,15.08,16.74,11.27,4.59,3.89,4.11,6.36,5.49,3.13,10.54,8.59,601166
682,44,2015-10-30,3382.56,16.38,13.0,17.93,6.4,,15.28,16.94,11.36,4.57,3.88,4.11,6.35,5.48,3.14,10.55,8.61,601166
683,43,2015-11-02,3325.08,16.41,12.76,17.83,6.29,,15.1,16.65,11.14,4.52,3.85,4.05,6.24,5.43,3.12,10.46,8.53,601166
684,42,2015-11-03,3316.7,16.46,12.85,17.9,6.26,,15.07,16.22,11.05,4.45,3.81,3.98,6.17,5.35,3.08,10.39,8.54,601166
685,41,2015-11-04,3459.64,16.84,13.65,18.35,6.5,,15.65,17.38,11.69,4.55,3.92,4.15,6.37,5.52,3.14,10.76,8.75,601166
686,40,2015-11-05,3522.82,17.71,14.22,18.58,6.81,,16.11,18.42,12.07,4.64,4.01,4.27,6.55,5.66,3.21,11.06,8.86,601166
687,39,2015-11-06,3590.03,17.9,14.44,18.66,6.97,,16.22,18.48,12.39,4.64,4.01,4.32,6.59,5.69,3.2,11.32,8.88,601166
688,38,2015-11-09,3646.88,18.17,15.88,19.09,7.66,,16.8,18.9,12.94,4.8,4.18,4.76,6.91,5.96,3.32,11.67,9.14,601166
689,37,2015-11-10,3640.49,18.37,15.44,18.64,7.84,,16.67,18.48,12.75,4.73,4.16,4.62,6.92,5.91,3.29,11.52,9.05,601166
690,36,2015-11-11,3650.25,17.75,15.13,18.44,7.7,,16.41,18.2,12.55,4.69,4.1,4.54,6.9,5.87,3.26,11.35,8.9,601166
691,35,2015-11-12,3632.9,17.36,14.99,18.27,7.64,,16.24,18.1,12.4,4.65,4.05,4.46,6.74,5.76,3.24,11.16,8.87,601166
692,34,2015-11-13,3580.84,17.56,14.88,18.15,7.45,,16.01,17.68,12.24,4.61,4.02,4.39,6.65,5.7,3.21,11.1,8.8,601166
693,33,2015-11-16,3606.96,17.42,15.0,18.1,,,16.0,17.76,12.34,4.64,4.05,4.43,6.66,5.72,3.22,11.14,8.81,601166
694,32,2015-11-17,3604.8,17.45,15.26,18.15,,,16.06,18.12,12.5,4.67,4.07,4.48,6.63,5.73,3.24,11.26,8.84,601166
695,31,2015-11-18,3568.47,17.39,15.27,18.16,8.13,,16.14,18.5,12.42,4.68,4.07,4.49,6.67,5.74,3.25,11.29,8.83,601166
696,30,2015-11-19,3617.06,17.9,15.36,18.2,7.9,9.65,16.33,18.44,12.5,4.69,4.08,4.51,6.73,5.75,3.24,11.31,8.86,601166
697,29,2015-11-20,3630.5,18.47,15.36,18.14,7.75,9.88,16.42,18.31,12.55,4.67,4.04,4.45,6.68,5.75,3.24,11.3,8.89,601166
698,28,2015-11-23,3610.31,19.06,14.98,18.19,7.71,9.79,16.41,17.94,12.45,4.65,4.02,4.42,6.62,5.71,3.21,11.19,8.85,601166
699,27,2015-11-24,3616.11,19.05,14.85,17.88,7.57,9.64,16.13,17.84,12.28,4.63,4.03,4.41,6.56,5.72,3.19,11.07,8.81,601166
700,26,2015-11-25,3647.93,19.66,15.11,17.74,7.61,9.6,16.17,18.01,12.32,4.66,4.07,4.44,6.56,5.78,3.23,11.09,8.8,601166
701,25,2015-11-26,3635.55,19.33,15.13,17.53,7.59,9.53,16.09,17.96,12.23,4.67,4.07,4.44,6.53,5.79,3.22,11.11,8.77,601166
702,24,2015-11-27,3436.3,18.53,14.16,17.04,7.07,9.15,15.48,16.73,11.73,4.58,3.94,4.22,6.23,5.69,3.13,10.82,8.46,601166
703,23,2015-11-30,3445.4,18.64,14.3,17.2,7.27,9.26,15.65,16.95,11.74,4.62,4.1,4.32,6.4,5.77,3.15,11.05,8.61,601166
704,22,2015-12-01,3456.31,18.68,13.97,17.11,7.12,9.26,15.7,16.91,11.75,4.55,4.02,4.25,6.33,5.68,3.13,11.21,8.57,601166
705,21,2015-12-02,3536.91,19.82,15.37,17.91,7.83,10.18,16.73,18.45,12.51,4.72,4.18,4.49,6.63,5.96,3.23,11.92,8.94,601166
706,20,2015-12-03,3584.82,19.27,15.85,17.78,7.93,10.23,16.59,18.56,12.45,4.86,4.34,4.54,6.85,6.16,3.34,11.69,8.93,601166
707,19,2015-12-04,3524.99,18.71,15.33,17.24,7.69,9.95,16.07,17.81,12.12,4.69,4.18,4.4,6.61,5.92,3.3,11.26,8.77,601166
708,18,2015-12-07,3536.93,19.41,15.26,17.4,7.64,10.03,16.17,17.76,12.15,4.65,4.11,4.36,6.55,5.85,3.27,11.3,8.81,601166
709,17,2015-12-08,3470.07,20.09,15.25,17.42,7.45,9.89,16.14,17.66,11.96,4.61,4.06,4.28,6.45,5.76,3.21,11.19,8.69,601166
710,16,2015-12-09,3472.44,19.25,15.1,17.39,7.5,10.16,16.2,17.79,11.99,4.66,4.11,4.29,6.49,5.81,3.23,11.25,8.72,601166
711,15,2015-12-10,3455.5,19.3,14.91,17.26,7.36,10.06,16.08,17.62,11.96,4.62,4.08,4.28,6.44,5.79,3.22,11.13,8.7,601166
712,14,2015-12-11,3434.58,18.61,14.64,16.95,7.26,10.16,15.95,17.18,11.83,4.59,4.04,4.24,6.44,5.71,3.23,11.09,8.71,601166
713,13,2015-12-14,3520.67,18.46,15.38,17.04,7.58,10.38,16.24,17.79,12.07,4.65,4.1,4.33,6.65,5.81,3.27,11.38,8.8,601166
714,12,2015-12-15,3510.35,18.31,14.99,17.03,7.31,10.17,16.09,17.33,11.92,4.61,4.04,4.24,6.55,5.73,3.24,11.21,8.7,601166
715,11,2015-12-16,3516.19,18.2,14.91,16.96,7.27,10.04,16.1,17.37,11.89,4.59,4.04,4.25,6.51,5.74,3.24,11.19,8.67,601166
716,10,2015-12-17,3580.0,18.5,15.27,17.09,7.44,10.16,16.18,17.6,12.07,4.62,4.07,4.27,6.57,5.79,3.27,11.3,8.74,601166
717,9,2015-12-18,3578.96,18.81,15.5,17.52,7.45,10.22,16.39,17.89,12.23,4.62,4.08,4.3,6.61,5.83,3.28,11.47,9.07,601166
718,8,2015-12-21,3642.47,19.16,16.18,18.23,7.6,10.47,16.86,18.44,12.51,4.69,4.11,4.4,6.69,5.93,3.31,11.97,9.98,601166
719,7,2015-12-22,3651.77,18.89,16.05,18.27,7.5,10.4,17.18,18.56,12.43,4.67,4.09,4.35,6.63,5.88,3.31,11.85,9.58,601166
720,6,2015-12-23,3636.09,18.9,16.25,18.18,7.72,10.49,17.24,18.66,12.48,4.68,4.08,4.37,6.65,5.9,3.31,11.97,9.53,601166
721,5,2015-12-24,3612.49,19.03,16.55,18.14,7.66,11.0,17.27,18.97,12.34,4.64,4.06,4.33,6.7,5.9,3.29,11.98,9.4,601166
722,4,2015-12-25,3627.91,19.31,16.56,18.33,7.65,10.99,17.43,18.97,12.41,4.65,4.05,4.35,6.64,5.91,3.27,11.98,9.44,601166
723,3,2015-12-28,3533.78,18.72,15.74,17.86,7.27,10.46,16.94,18.03,11.98,4.59,4.01,4.22,6.47,5.78,3.21,11.43,9.15,601166
724,2,2015-12-29,3563.74,18.73,15.94,17.95,7.32,10.69,17.28,18.15,12.09,4.61,4.03,4.26,6.49,5.8,3.24,11.81,9.22,601166
725,1,2015-12-30,3572.88,18.56,15.77,18.24,7.33,10.63,17.27,17.91,12.1,4.61,4.02,4.26,6.46,5.79,3.22,11.89,9.42,601166
726,0,2015-12-31,3539.18,18.28,15.51,17.99,7.24,10.53,17.07,17.7,11.99,4.58,4.02,4.24,6.44,5.78,3.23,12.17,9.62,601166
